Date,Open Price,High Price,Low Price,Close Price,WAP,No.of Shares,No. of Trades,Total Turnover (Rs.),Deliverable Quantity,% Deli. Qty to Traded Qty,Spread High-Low,Spread Close-Open
16-July-2026,115.12,116.59,115.12,115.83,115.948200654307524536,1834,159,212649.00,1413,77.04,1.47,0.71
15-July-2026,115.31,116.94,115.31,116.20,115.979689366786140979,12555,195,1456125.00,8601,68.51,1.63,0.89
14-July-2026,116.45,116.45,115.20,115.54,115.639072510932573985,9833,434,1137079.00,8791,89.40,1.25,-0.91
13-July-2026,115.79,116.00,115.37,115.96,115.780141843971631205,2820,216,326500.00,2240,79.43,0.63,0.17
10-July-2026,115.09,115.95,115.09,115.61,115.694956734551175596,11441,299,1323666.00,9422,82.35,0.86,0.52
9-July-2026,117.80,117.80,114.85,115.11,115.152731326644370122,13455,572,1549380.00,12019,89.33,2.95,-2.69
8-July-2026,115.74,116.02,115.20,115.34,115.522253981216823193,2449,284,282914.00,1762,71.95,0.82,-0.40
7-July-2026,116.50,116.50,115.07,115.85,115.607989167230873392,1477,258,170753.00,999,67.64,1.43,-0.65
6-July-2026,115.00,115.91,115.00,115.53,115.452248720461722748,9183,385,1060198.00,6441,70.14,0.91,0.53
3-July-2026,116.85,116.85,114.85,114.97,115.693340002730709895,1567358,263,181332882.00,1553324,99.10,2.00,-1.88
2-July-2026,115.99,115.99,115.04,115.37,115.452545155993431855,3045,492,351553.00,2269,74.52,0.95,-0.62
1-July-2026,116.00,116.04,114.64,114.97,115.279995564426702151,9018,698,1039595.00,7089,78.61,1.40,-1.03
30-June-2026,115.55,116.49,115.31,115.53,115.993316521252695496,443332,862,51423549.00,440066,99.26,1.18,-0.02
29-June-2026,115.20,116.34,114.74,116.02,115.734082990180551156,18942,404,2192235.00,15478,81.71,1.60,0.82
25-June-2026,115.60,116.56,115.15,115.20,115.506804987151422860,10507,396,1213630.00,7706,73.34,1.41,-0.40
24-June-2026,116.57,116.88,116.01,116.18,116.392189447444952222,4814,155,560312.00,3284,68.22,0.87,-0.39
23-June-2026,117.00,117.10,115.90,116.01,116.471714384270438082,5798,490,675303.00,4234,73.03,1.20,-0.99
22-June-2026,117.06,117.58,116.51,116.60,117.037400494098270656,14572,312,1705469.00,13296,91.24,1.07,-0.46
19-June-2026,116.80,118.11,115.63,116.79,116.761290920893999814,161745,878,18885555.00,153619,94.98,2.48,-0.01
18-June-2026,116.78,117.00,116.12,116.89,116.708195637805684071,3026,267,353159.00,1796,59.35,0.88,0.11
17-June-2026,116.21,117.00,116.08,116.39,116.805638474295190713,12060,232,1408676.00,11082,91.89,0.92,0.18
16-June-2026,117.51,117.51,116.01,116.21,116.501235668273710651,24683,635,2875600.00,21028,85.19,1.50,-1.30
15-June-2026,116.96,118.16,116.64,117.82,117.487759446514103246,7516,281,883038.00,5735,76.30,1.52,0.86
12-June-2026,117.99,118.50,115.57,116.64,118.038678912045213705,28310,751,3341675.00,25223,89.10,2.93,-1.35
11-June-2026,117.99,118.20,117.05,117.46,117.681871620032917940,4253,351,500501.00,3027,71.17,1.15,-0.53
10-June-2026,116.98,118.05,116.74,117.35,117.523928126667852695,5621,416,660602.00,3395,60.40,1.31,0.37
9-June-2026,114.12,117.14,114.12,116.86,116.833046243540479660,7547,467,881739.00,5737,76.02,3.02,2.74
8-June-2026,116.92,117.32,115.84,116.57,116.953065493751005739,18643,637,2180356.00,15521,83.25,1.48,-0.35
5-June-2026,116.45,117.33,116.45,117.01,116.748767439420958774,9533,121,1112966.00,6946,72.86,0.88,0.56
4-June-2026,115.70,116.66,115.70,116.56,116.440124025810776837,11933,259,1389480.00,10911,91.44,0.96,0.86
3-June-2026,116.25,116.58,115.50,116.34,116.127424568965517241,14848,517,1724260.00,10685,71.96,1.08,0.09
2-June-2026,116.40,116.70,115.10,116.58,115.911562829989440337,7576,241,878146.00,4887,64.51,1.60,0.18
1-June-2026,116.08,116.85,115.55,116.41,116.282649917041953069,8438,172,981193.00,6852,81.20,1.30,0.33
29-May-2026,116.26,117.48,114.81,116.08,115.901429700409512177,27838,493,3226464.00,23086,82.93,2.67,-0.18
27-May-2026,117.08,117.42,116.21,116.98,116.727652658462967262,4307,283,502746.00,3493,81.10,1.21,-0.10
26-May-2026,116.14,118.10,116.08,117.27,117.351623804341600320,17459,1165,2048842.00,14030,80.36,2.02,1.13
25-May-2026,116.51,117.60,116.00,116.13,116.525814668423364075,56925,468,6633232.00,48173,84.63,1.60,-0.38
22-May-2026,116.10,117.57,116.10,116.84,117.208918249380677126,7266,236,851640.00,5925,81.54,1.47,0.74
21-May-2026,117.28,117.57,116.21,116.75,116.854497762690942755,6481,191,757334.00,3063,47.26,1.36,-0.53
20-May-2026,116.85,117.60,116.03,117.28,116.806651774633904194,4029,130,470614.00,3239,80.39,1.57,0.43
19-May-2026,118.26,118.26,116.11,116.74,116.974259618045945197,10839,236,1267884.00,7029,64.85,2.15,-1.52
18-May-2026,115.25,118.68,115.25,118.26,116.718206656731246895,16104,415,1879630.00,11710,72.71,3.43,3.01
15-May-2026,117.70,117.70,115.76,116.29,116.338586291309669522,6536,437,760389.00,4672,71.48,1.94,-1.41
14-May-2026,118.99,119.74,117.65,118.18,118.643428571428571428,10500,337,1245756.00,6897,65.69,2.09,-0.81
13-May-2026,118.40,119.73,117.49,118.20,118.942491095024704125,17406,236,2070313.00,15066,86.56,2.24,-0.20
12-May-2026,120.70,120.70,116.50,117.09,117.117263843648208469,5833,201,683145.00,4537,77.78,4.20,-3.61
11-May-2026,117.05,119.38,116.60,118.99,118.214673763924710530,18223,356,2154226.00,16401,90.00,2.78,1.94
8-May-2026,116.28,118.14,116.28,118.04,117.717270194986072423,3590,152,422605.00,2294,63.90,1.86,1.76
7-May-2026,118.13,119.60,117.08,117.98,118.135839261680446068,10402,365,1228849.00,7603,73.09,2.52,-0.15
6-May-2026,118.55,119.33,118.11,119.00,118.898625144939539506,6037,222,717791.00,4299,71.21,1.22,0.45
5-May-2026,120.42,120.62,117.51,118.55,118.705479452054794520,6424,186,762564.00,5583,86.91,3.11,-1.87
4-May-2026,119.62,120.34,119.05,119.43,119.709058402860548271,8390,799,1004359.00,5615,66.92,1.29,-0.19
30-April-2026,117.33,119.99,115.63,119.38,118.496539792387543252,13294,288,1575293.00,6942,52.22,4.36,2.05
29-April-2026,115.55,118.60,115.55,117.32,116.789869132642529827,48446,967,5658002.00,39078,80.66,3.05,1.77
28-April-2026,117.25,117.25,115.50,116.78,115.537806891693647931,1237896,3655,143023789.00,1221966,98.71,1.75,-0.47
27-April-2026,117.66,117.66,115.33,115.85,115.911787110862830734,19691,410,2282419.00,13846,70.32,2.33,-1.81
24-April-2026,116.51,117.77,116.07,116.67,116.577896138482023968,11265,259,1313250.00,7926,70.36,1.70,0.16
23-April-2026,117.90,117.90,115.01,116.81,116.269289083557951482,11872,350,1380349.00,8160,68.73,2.89,-1.09
22-April-2026,116.75,117.39,116.10,116.37,116.634352373290426387,4972,383,579906.00,2870,57.72,1.29,-0.38
21-April-2026,116.50,117.28,115.33,116.90,116.273130193905817174,10830,327,1259238.00,7249,66.93,1.95,0.40
20-April-2026,116.45,116.69,115.00,115.68,115.037925731946833939,131362,454,15111612.00,128939,98.16,1.69,-0.77
17-April-2026,117.40,117.40,115.05,116.25,116.117140456518694860,14282,1028,1658385.00,9596,67.19,2.35,-1.15
16-April-2026,116.06,117.01,116.00,116.64,116.653571428571428571,10360,280,1208531.00,8197,79.12,1.01,0.58
15-April-2026,115.00,117.69,115.00,116.05,115.916792212307335728,8629,188,1000246.00,4076,47.24,2.69,1.05
13-April-2026,114.00,115.17,114.00,114.67,114.866675493181517277,7553,184,867588.00,6198,82.06,1.17,0.67
10-April-2026,114.25,115.25,113.80,115.09,114.238363363363363363,2664,91,304331.00,2278,85.51,1.45,0.84
9-April-2026,114.80,114.80,113.80,113.99,114.363761467889908256,6540,153,747939.00,6221,95.12,1.00,-0.81
8-April-2026,116.99,116.99,112.52,114.36,114.805462995440196422,91232,660,10473932.00,73173,80.21,4.47,-2.63
7-April-2026,114.59,114.89,113.50,114.51,114.035714285714285714,7448,176,849338.00,4068,54.62,1.39,-0.08
6-April-2026,112.75,114.62,112.75,114.56,113.808033077377436503,5079,165,578031.00,4363,85.90,1.87,1.81
2-April-2026,114.00,114.00,112.40,112.95,112.970232253843637553,15285,624,1726750.00,9810,64.18,1.60,-1.05
1-April-2026,115.00,115.21,112.71,113.22,113.929422143802382002,6801,279,774834.00,5701,83.83,2.50,-1.78
30-March-2026,112.60,114.60,112.01,113.46,113.662501275119861266,19606,492,2228467.00,11417,58.23,2.59,0.86
27-March-2026,113.71,115.02,112.69,114.53,113.954008744651499918,42769,474,4873699.00,29186,68.24,2.33,0.82
25-March-2026,115.00,115.73,112.90,113.75,114.167468860301624806,34281,1088,3913775.00,24858,72.51,2.83,-1.25
24-March-2026,110.40,115.40,110.39,115.27,113.497568573816579287,26322,480,2987483.00,19112,72.61,5.01,4.87
23-March-2026,114.95,114.95,108.00,109.42,111.783313743849234017,50197,975,5611187.00,36844,73.40,6.95,-5.53
20-March-2026,117.00,120.12,113.00,117.22,117.116081579271018001,333369,1287,39042871.00,222425,66.72,7.12,0.22
19-March-2026,117.74,117.74,111.62,114.62,113.384152079804253717,26565,478,3012050.00,16613,62.54,6.12,-3.12
18-March-2026,115.51,117.60,114.55,114.87,115.985554977754665742,17307,292,2007362.00,12907,74.58,3.05,-0.64
17-March-2026,116.70,116.70,112.56,115.93,114.705606507034070631,24097,341,2764061.00,15271,63.37,4.14,-0.77
16-March-2026,114.01,115.58,114.01,115.20,114.954967963180218391,22162,205,2547632.00,14082,63.54,1.57,1.19
13-March-2026,112.78,115.88,112.51,115.26,114.606313987556374888,30377,397,3481396.00,18652,61.40,3.37,2.48
12-March-2026,116.07,116.79,111.35,112.74,113.733028795170894852,61295,649,6971266.00,55743,90.94,5.44,-3.33
11-March-2026,116.00,117.60,115.21,117.00,116.550621439668565510,38620,912,4501185.00,14354,37.17,2.39,1.00
10-March-2026,115.75,117.70,115.73,117.02,116.631124443232433415,11001,305,1283059.00,6908,62.79,1.97,1.27
9-March-2026,115.00,115.73,113.50,114.65,114.313456302488783218,26077,766,2980952.00,13105,50.26,2.23,-0.35
6-March-2026,115.70,116.81,115.50,115.80,115.870231444533120510,6265,225,725927.00,4772,76.17,1.31,0.10
5-March-2026,115.36,118.50,114.31,115.84,116.133751058425063505,29525,576,3428849.00,14648,49.61,4.19,0.48
4-March-2026,119.10,119.10,114.69,116.06,116.628660369257191927,46580,840,5432563.00,28687,61.59,4.41,-3.04
2-March-2026,121.00,122.05,118.00,119.04,119.598874190824655220,35530,1373,4249348.00,25960,73.06,4.05,-1.96
27-February-2026,123.16,123.16,119.55,120.36,121.804815835118865421,19602,619,2387618.00,14418,73.55,3.61,-2.80
26-February-2026,124.00,124.15,122.82,123.15,123.751494180559924504,3179,186,393406.00,2537,79.80,1.33,-0.85
25-February-2026,125.30,125.30,123.31,123.58,124.160273413589063456,9802,294,1217019.00,7394,75.43,1.99,-1.72
24-February-2026,125.38,125.39,124.05,124.42,124.689609530112508272,12088,780,1507248.00,6979,57.73,1.34,-0.96
23-February-2026,124.69,125.90,124.55,125.19,125.304589390364563513,13139,179,1646377.00,10478,79.75,1.35,0.50
20-February-2026,125.75,125.99,124.59,124.68,125.068434839554682383,3054,73,381959.00,2307,75.54,1.40,-1.07
19-February-2026,125.50,125.98,124.82,125.05,125.213947990543735224,3384,136,423724.00,2682,79.26,1.16,-0.45
18-February-2026,124.70,126.44,124.70,125.77,125.156159234580556979,17559,247,2197617.00,15157,86.32,1.74,1.07
17-February-2026,126.19,126.44,125.50,126.01,126.067221735319894829,11410,84,1438427.00,10438,91.48,0.94,-0.18
16-February-2026,125.15,126.84,124.70,125.41,125.588723051409618573,16884,434,2120440.00,14542,86.13,2.14,0.26
13-February-2026,125.00,126.85,124.09,125.65,125.483316856154226396,8092,373,1015411.00,3690,45.60,2.76,0.65
12-February-2026,126.36,127.23,121.20,125.82,124.034628378378378378,73408,338,9105134.00,58876,80.20,6.03,-0.54
11-February-2026,126.79,127.00,125.95,126.99,126.499549684779345541,6662,212,842740.00,4563,68.49,1.05,0.20
10-February-2026,127.30,127.30,123.30,126.05,125.630879071842927264,11205,461,1407694.00,5675,50.65,4.00,-1.25
9-February-2026,124.00,127.80,123.98,127.18,125.049303919468837010,23345,603,2919276.00,18601,79.68,3.82,3.18
6-February-2026,121.92,124.00,119.90,123.66,122.252843557710236807,10726,220,1311284.00,8343,77.78,4.10,1.74
5-February-2026,121.09,123.80,119.56,120.92,121.337777246368147306,16727,362,2029617.00,10535,62.98,4.24,-0.17
4-February-2026,120.90,121.40,119.06,121.13,120.310148383677795442,22644,716,2724303.00,15945,70.42,2.34,0.23
3-February-2026,122.49,123.60,118.00,119.36,119.315233114498720373,53922,1161,6433716.00,42657,79.11,5.60,-3.13
2-February-2026,122.00,122.80,118.50,122.46,120.803114785618150355,26005,1355,3141485.00,21924,84.31,4.30,0.46
1-February-2026,120.50,123.70,120.50,121.99,122.748752834467120181,4410,148,541322.00,2777,62.97,3.20,1.49
30-January-2026,121.40,123.66,119.56,122.66,121.607509982159544643,23542,406,2862884.00,16193,68.78,4.10,1.26
29-January-2026,119.25,120.65,118.61,119.44,119.249696686887540830,21430,1539,2555521.00,12733,59.42,2.04,0.19
28-January-2026,124.79,124.79,118.84,119.29,120.678416013925152306,36768,742,4437104.00,23259,63.26,5.95,-5.50
27-January-2026,128.00,128.00,122.36,123.87,124.380274135876042908,16780,585,2087101.00,14164,84.41,5.64,-4.13
23-January-2026,127.15,127.35,125.05,125.40,126.080082806711701895,9178,333,1157163.00,6335,69.02,2.30,-1.75
22-January-2026,124.70,127.39,124.70,126.17,126.524587563451776649,6304,390,797611.00,3220,51.08,2.69,1.47
21-January-2026,124.00,127.00,124.00,125.49,125.248639918395103706,11764,281,1473425.00,7702,65.47,3.00,1.49
20-January-2026,125.50,127.20,123.55,124.94,125.862433862433862433,32130,523,4043960.00,21495,66.90,3.65,-0.56
19-January-2026,126.12,126.98,126.00,126.69,126.544487090020935101,5732,284,725353.00,4396,76.69,0.98,0.57
16-January-2026,125.51,126.96,125.22,126.12,126.054681647940074906,2670,167,336566.00,1599,59.89,1.74,0.61
14-January-2026,128.00,128.00,124.43,125.53,125.080488200470359257,24662,194,3084735.00,19091,77.41,3.57,-2.47
13-January-2026,123.15,126.97,123.00,125.94,125.716732144655988717,9927,607,1247990.00,3640,36.67,3.97,2.79
12-January-2026,125.90,125.90,122.56,123.19,124.193102002306321417,9539,323,1184678.00,5448,57.11,3.34,-2.71
9-January-2026,125.58,126.43,123.05,123.83,124.377929890064302012,14463,340,1798878.00,8287,57.30,3.38,-1.75
8-January-2026,126.01,127.51,125.05,125.85,126.232857975126016363,39479,463,4983547.00,26191,66.34,2.46,-0.16
7-January-2026,128.00,128.00,125.92,126.92,126.786751888436955258,5163,226,654600.00,3280,63.53,2.08,-1.08
6-January-2026,124.41,126.99,124.41,126.09,126.449944239512739126,11657,246,1474027.00,8483,72.77,2.58,1.68
5-January-2026,124.48,126.13,124.48,125.26,125.419813195548489666,10064,505,1262225.00,7884,78.34,1.65,0.78
2-January-2026,123.90,124.64,123.52,124.32,124.096435575037489906,8669,211,1075792.00,4769,55.01,1.12,0.42
1-January-2026,122.00,124.05,122.00,123.89,123.456422018348623853,10028,348,1238021.00,7739,77.17,2.05,1.89
31-December-2025,125.60,125.77,119.00,121.89,120.857606876866038912,30479,2239,3683619.00,24941,81.83,6.77,-3.71
30-December-2025,121.00,123.99,121.00,122.71,123.112329434697855750,4104,220,505253.00,2565,62.50,2.99,1.71
29-December-2025,127.00,127.00,122.66,123.83,123.634020425722943399,26731,1167,3304861.00,17217,64.41,4.34,-3.17
26-December-2025,125.00,125.00,123.12,124.88,124.075622775800711743,7868,519,976227.00,5996,76.21,1.88,-0.12
24-December-2025,125.39,125.39,123.99,124.36,124.206955347945010834,28151,1072,3496550.00,23114,82.11,1.40,-1.03
23-December-2025,124.40,127.39,123.26,124.70,125.248587269431709137,18758,338,2349413.00,16871,89.94,4.13,0.30
22-December-2025,120.30,125.39,119.46,123.63,121.950935556544848705,74127,1245,9039857.00,57809,77.99,5.93,3.33
19-December-2025,125.70,125.76,119.50,121.59,122.261329467353951890,37248,605,4553990.00,17814,47.83,6.26,-4.11
18-December-2025,128.65,128.65,124.60,124.84,125.942175482655784021,31855,858,4011888.00,17259,54.18,4.05,-3.81
17-December-2025,127.95,128.00,127.37,127.66,127.604377786785569517,17269,465,2203600.00,12705,73.57,0.63,-0.29
16-December-2025,125.98,129.49,125.89,127.19,128.299869421614563330,26038,663,3340672.00,20743,79.66,3.60,1.21
15-December-2025,127.70,128.74,125.85,126.12,127.028251326737862805,76315,1196,9694161.00,42365,55.51,2.89,-1.58
12-December-2025,128.01,128.99,125.17,126.62,127.312451960030745580,41632,1506,5300272.00,31545,75.77,3.82,-1.39
11-December-2025,125.98,128.11,125.98,128.03,127.283955009530772645,306376,972,38996749.00,299659,97.81,2.13,2.05
10-December-2025,129.00,129.00,124.99,125.51,125.831296971827890827,91012,1876,11452158.00,61562,67.64,4.01,-3.49
9-December-2025,123.85,129.00,123.05,127.26,126.402517028768239617,130074,2678,16441681.00,74050,56.93,5.95,3.41
8-December-2025,124.50,124.95,122.54,123.13,123.643741481144934120,52824,669,6531357.00,44092,83.47,2.41,-1.37
5-December-2025,122.95,125.58,121.90,123.33,123.243685154000760497,18409,713,2268793.00,11268,61.21,3.68,0.38
4-December-2025,121.50,122.69,120.14,121.44,121.453964064561973403,29553,761,3589329.00,22836,77.27,2.55,-0.06
3-December-2025,120.48,120.87,119.50,119.93,120.184032042723631508,18725,1197,2250446.00,15814,84.45,1.37,-0.55
2-December-2025,118.93,120.58,118.93,119.64,119.593222514601116744,15581,475,1863382.00,11034,70.82,1.65,0.71
1-December-2025,120.25,120.37,117.11,118.93,118.702970882979562850,50692,2203,6017291.00,37077,73.14,3.26,-1.32
28-November-2025,117.51,119.97,117.10,119.26,117.996127783155856727,7231,365,853230.00,4017,55.55,2.87,1.75
27-November-2025,117.02,118.63,116.10,116.68,117.008785774410774410,19008,444,2224103.00,11934,62.78,2.53,-0.34
26-November-2025,117.65,118.50,116.21,117.02,117.858154368307098133,17089,1081,2014078.00,12256,71.72,2.29,-0.63
25-November-2025,119.98,119.98,116.01,117.79,116.967882520132638559,10555,287,1234596.00,6948,65.83,3.97,-2.19
24-November-2025,119.00,122.00,116.81,117.14,118.182453199217658563,7158,233,845950.00,5383,75.20,5.19,-1.86
21-November-2025,118.97,119.29,118.00,118.47,118.829156091370558375,6304,207,749099.00,3981,63.15,1.29,-0.50
20-November-2025,120.19,120.19,118.00,118.34,119.011891671757279576,98220,1734,11689348.00,90614,92.26,2.19,-1.85
19-November-2025,119.49,119.50,118.01,118.90,118.988098870918523039,22939,1187,2729468.00,18234,79.49,1.49,-0.59
18-November-2025,118.68,120.14,118.37,119.12,118.509273109669002283,889130,331,105370150.00,886515,99.71,1.77,0.44
17-November-2025,117.70,119.50,115.75,118.63,117.674802184330770088,44865,1309,5279480.00,34163,76.15,3.75,0.93
14-November-2025,119.00,119.17,117.57,118.04,118.388085372527558439,12791,269,1514302.00,9794,76.57,1.60,-0.96
13-November-2025,120.00,120.00,117.51,118.89,118.661861780951097938,7423,267,880827.00,3796,51.14,2.49,-1.11
12-November-2025,119.98,120.49,118.93,119.92,119.359449924454592148,533454,416,63672776.00,531452,99.62,1.56,-0.06
11-November-2025,121.30,121.30,118.05,119.52,119.068783068783068783,27027,733,3218072.00,23560,87.17,3.25,-1.78
10-November-2025,118.50,120.00,116.51,119.81,119.080558229066410009,31170,1120,3711741.00,22989,73.75,3.49,1.31
7-November-2025,115.60,119.00,115.58,118.41,117.103722846965146329,28634,712,3353148.00,19916,69.55,3.42,2.81
6-November-2025,117.90,117.90,115.41,116.75,116.613808579140785066,30749,1301,3585758.00,16728,54.40,2.49,-1.15
4-November-2025,115.90,119.04,114.60,117.60,116.372459775621830957,25047,1021,2914781.00,19154,76.47,4.44,1.70
3-November-2025,116.95,116.95,114.72,115.35,115.569506165112349001,15977,699,1846454.00,10273,64.30,2.23,-1.60
31-October-2025,114.25,116.20,114.25,115.62,115.444766606587780476,38283,598,4419572.00,33039,86.30,1.95,1.37
30-October-2025,115.88,116.44,114.18,115.80,115.119174326721496532,18603,463,2141562.00,13863,74.52,2.26,-0.08
29-October-2025,114.69,115.70,114.50,115.35,115.033361397600505156,9502,286,1093047.00,8373,88.12,1.20,0.66
28-October-2025,113.70,116.69,113.70,114.68,114.905836149420038359,10949,631,1258104.00,6777,61.90,2.99,0.98
27-October-2025,124.95,124.95,113.12,115.16,114.818089851473766496,21747,1022,2496949.00,14379,66.12,11.83,-9.79
24-October-2025,115.69,115.71,113.45,113.77,114.240003778843201624,42341,2088,4837036.00,34964,82.58,2.26,-1.92
23-October-2025,117.95,118.45,115.05,115.69,116.150238129600230913,48503,1827,5633635.00,35018,72.20,3.40,-2.26
21-October-2025,117.90,118.49,117.25,118.03,117.980365707434052757,6672,301,787165.00,5178,77.61,1.24,0.13
20-October-2025,116.50,117.32,116.00,116.94,116.852012383900928792,3230,119,377432.00,2283,70.68,1.32,0.44
17-October-2025,117.00,117.39,116.00,116.10,116.467903376484719071,22479,629,2618082.00,17769,79.05,1.39,-0.90
16-October-2025,116.75,117.69,116.07,117.17,116.578259935553168635,23275,623,2713359.00,18403,79.07,1.62,0.42
15-October-2025,117.21,118.38,116.00,116.38,116.508483006355346780,18095,704,2108221.00,12727,70.33,2.38,-0.83
14-October-2025,117.17,117.58,115.70,116.05,116.537547553285736619,19189,960,2236239.00,14194,73.97,1.88,-1.12
13-October-2025,117.80,117.80,116.00,116.59,117.077159517244496677,22123,655,2590098.00,17865,80.75,1.80,-1.21
10-October-2025,116.25,118.28,116.25,117.12,117.295102184637068357,28380,1285,3328835.00,24357,85.82,2.03,0.87
9-October-2025,117.60,119.00,117.60,118.34,118.400624802277760202,25288,590,2994115.00,18048,71.37,1.40,0.74
8-October-2025,116.05,118.70,116.05,118.13,118.019344933469805527,9770,338,1153049.00,7843,80.28,2.65,2.08
7-October-2025,115.65,118.85,115.65,116.92,117.632966576707494291,43353,1135,5099742.00,36306,83.74,3.20,1.27
6-October-2025,119.01,120.07,115.19,115.64,117.363465464867287485,80324,2038,9427103.00,54394,67.72,4.88,-3.37
3-October-2025,120.00,120.00,118.40,118.88,118.984740364800653984,58717,932,6986427.00,36376,61.95,1.60,-1.12
1-October-2025,116.85,119.89,115.50,118.76,118.732474560515263690,60241,841,7152563.00,47184,78.33,4.39,1.91
30-September-2025,115.99,116.70,114.17,115.33,115.656717099455082346,65698,1926,7598415.00,48090,73.20,2.53,-0.66
29-September-2025,115.00,117.50,113.70,114.33,114.866530320073627160,48895,591,5616399.00,38943,79.65,3.80,-0.67
26-September-2025,113.90,114.80,113.01,113.80,113.729258321112740523,45006,934,5118499.00,34306,76.23,1.79,-0.10
25-September-2025,113.28,114.50,113.27,114.05,114.013769363166953528,27888,1414,3179616.00,24516,87.91,1.23,0.77
24-September-2025,113.50,114.34,113.00,113.87,113.538932558669400774,35112,559,3986579.00,26956,76.77,1.34,0.37
23-September-2025,113.50,113.90,112.71,112.87,113.196889115547136820,27452,555,3107481.00,22895,83.40,1.19,-0.63
22-September-2025,114.75,114.75,112.00,112.94,112.907009734383407523,20443,634,2308158.00,13929,68.14,2.75,-1.81
19-September-2025,112.80,113.97,111.81,112.36,112.721105460025295336,37161,1127,4188829.00,26164,70.41,2.16,-0.44
18-September-2025,111.00,112.89,111.00,112.40,112.342225356787255227,24104,509,2707897.00,14066,58.36,1.89,1.40
17-September-2025,112.12,112.59,110.90,111.27,111.680932771186717652,61194,1538,6834203.00,43868,71.69,1.69,-0.85
16-September-2025,109.00,112.60,109.00,111.24,111.284665881164787072,89115,1568,9917133.00,71414,80.14,3.60,2.24
15-September-2025,108.69,109.65,108.29,109.22,109.163697937282842943,45474,951,4964110.00,38302,84.23,1.36,0.53
12-September-2025,107.34,108.00,107.25,107.93,107.733733910635916467,33951,1257,3657668.00,23429,69.01,0.75,0.59
11-September-2025,108.34,108.70,107.26,107.34,107.781971475849026869,25382,1278,2735722.00,19805,78.03,1.44,-1.00
10-September-2025,108.50,108.89,107.55,107.69,108.330007545904250859,11927,504,1292052.00,9666,81.04,1.34,-0.81
9-September-2025,108.09,108.27,107.33,107.90,107.859062042012701514,16376,542,1766300.00,13558,82.79,0.94,-0.19
8-September-2025,108.93,110.00,107.31,107.92,108.080776115586242168,31284,621,3381199.00,28392,90.76,2.69,-1.01
5-September-2025,107.99,108.15,107.50,107.81,107.842787814526324375,24521,211,2644413.00,19360,78.95,0.65,-0.18
4-September-2025,109.00,109.00,107.53,107.55,108.239575971731448763,16980,398,1837908.00,12688,74.72,1.47,-1.45
3-September-2025,107.83,108.38,107.16,107.91,107.854874509134369130,35142,498,3790236.00,23101,65.74,1.22,0.08
2-September-2025,107.21,109.89,106.53,107.83,108.156879687554004078,86799,926,9387909.00,47875,55.16,3.36,0.62
1-September-2025,107.40,107.56,107.02,107.19,107.151455213337100875,38929,441,4171299.00,32397,83.22,0.54,-0.21
29-August-2025,107.11,107.41,107.00,107.17,107.166893928520166499,27868,462,2986527.00,26160,93.87,0.41,0.06
28-August-2025,107.75,107.75,107.02,107.23,107.223187032210406010,71747,746,7692942.00,67242,93.72,0.73,-0.52
26-August-2025,107.00,107.42,106.43,107.17,106.919037789560313541,74121,2020,7924946.00,62290,84.04,0.99,0.17
25-August-2025,107.01,107.98,107.01,107.28,107.419325657894736842,60800,711,6531095.00,52310,86.04,0.97,0.27
22-August-2025,107.80,107.80,107.01,107.09,107.210628803245436105,49300,615,5285484.00,44611,90.49,0.79,-0.71
21-August-2025,107.50,108.19,107.00,107.11,107.258930100079378667,64249,593,6891279.00,42831,66.66,1.19,-0.39
20-August-2025,109.37,109.37,107.00,107.22,107.537580476673803685,134977,1209,14515100.00,95568,70.80,2.37,-2.15
19-August-2025,107.25,108.10,107.00,107.32,107.669238269108707458,152823,1639,16454336.00,110257,72.15,1.10,0.07
18-August-2025,104.00,109.14,103.10,106.18,105.136858240031860074,2591331,18409,272444400.00,1913001,73.82,6.04,2.18
