Symbol,Series,Date,Prev Close,Open Price,High Price,Low Price,Last Price,Close Price,Average Price,Total Traded Quantity,Turnover ₹,No. of Trades,Deliverable Qty,% Dly Qt to Traded Qty
KRT,RR,18-Aug-2025,100.00,103.00,108.94,103.00,106.24,106.24,104.66,"3,63,04,024","3,79,94,52,286.63","99,210","3,11,50,303",85.80
KRT,RR,19-Aug-2025,106.24,107.45,108.00,107.30,107.35,107.42,107.71,"23,92,632","25,77,17,039.45","7,179","21,18,368",88.54
KRT,RR,20-Aug-2025,107.42,108.29,108.38,107.00,107.25,107.25,107.30,"14,60,406","15,67,03,830.53","7,241","12,90,288",88.35
KRT,RR,21-Aug-2025,107.25,107.89,107.89,107.00,107.10,107.06,107.24,"12,33,854","13,23,22,869.45","2,778","11,28,487",91.46
KRT,RR,22-Aug-2025,107.06,107.40,107.40,107.00,107.05,107.06,107.17,"7,09,231","7,60,09,491.41","1,687","6,69,548",94.40
KRT,RR,25-Aug-2025,107.06,107.49,107.49,107.07,107.12,107.30,107.29,"4,68,885","5,03,06,467.19","1,936","4,39,368",93.70
KRT,RR,26-Aug-2025,107.30,107.30,107.45,106.51,107.10,107.09,107.06,"13,66,254","14,62,67,693.16","3,086","13,19,372",96.57
KRT,RR,28-Aug-2025,107.09,107.35,107.50,107.08,107.11,107.22,107.25,"8,87,534","9,51,83,813.69","1,856","8,72,271",98.28
KRT,RR,29-Aug-2025,107.22,107.20,107.34,107.01,107.09,107.14,107.15,"8,74,217","9,36,70,521.18","1,493","8,70,019",99.52
KRT,RR,01-Sep-2025,107.14,107.39,107.39,107.01,107.16,107.16,107.15,"5,02,243","5,38,14,103.59","1,761","4,88,951",97.35
KRT,RR,02-Sep-2025,107.16,107.29,109.40,107.16,107.17,107.56,107.88,"8,02,267","8,65,46,317.53","2,367","7,07,291",88.16
KRT,RR,03-Sep-2025,107.56,107.56,108.18,107.27,107.80,107.93,107.85,"4,88,157","5,26,48,643.20","1,195","4,34,157",88.94
KRT,RR,04-Sep-2025,107.93,108.15,108.83,107.51,107.60,107.61,108.15,"5,69,480","6,15,91,196.33","2,272","5,21,965",91.66
KRT,RR,05-Sep-2025,107.61,108.30,108.30,107.64,108.00,107.88,107.95,"3,85,123","4,15,75,117.14","2,727","3,47,282",90.17
KRT,RR,08-Sep-2025,107.88,108.89,108.89,107.55,108.00,107.98,108.04,"3,77,862","4,08,22,626.81","2,057","3,66,353",96.95
KRT,RR,09-Sep-2025,107.98,107.75,108.25,107.65,108.09,107.95,108.08,"6,01,275","6,49,88,394.49","2,300","5,77,446",96.04
KRT,RR,10-Sep-2025,107.95,108.24,108.90,107.52,107.96,107.61,108.28,"12,40,032","13,42,68,006.98","2,996","11,33,980",91.45
KRT,RR,11-Sep-2025,107.61,108.10,108.69,107.10,107.30,107.32,108.01,"42,33,682","45,72,80,599.50","5,573","40,28,403",95.15
KRT,RR,12-Sep-2025,107.32,107.15,108.01,107.15,107.66,107.89,107.88,"9,31,516","10,04,92,062.19","60,349","8,35,360",89.68
KRT,RR,15-Sep-2025,107.89,108.25,109.70,108.03,109.23,109.10,109.04,"18,97,184","20,68,75,153.80","4,681","18,47,355",97.37
KRT,RR,16-Sep-2025,109.10,109.67,112.58,109.20,111.28,111.08,111.07,"25,63,393","28,47,09,726.27","39,781","23,36,170",91.14
KRT,RR,17-Sep-2025,111.08,111.88,112.50,110.11,111.25,111.24,111.66,"10,02,072","11,18,96,230.29","5,825","7,91,617",79.00
KRT,RR,18-Sep-2025,111.24,111.45,112.98,111.45,112.00,112.21,112.38,"11,69,579","13,14,42,028.77","5,319","10,96,055",93.71
KRT,RR,19-Sep-2025,112.21,112.50,113.20,111.81,112.00,112.48,112.78,"13,22,719","14,91,73,003.63","4,604","12,72,316",96.19
KRT,RR,22-Sep-2025,112.48,113.50,113.50,111.50,112.92,113.02,112.91,"12,85,851","14,51,83,222.72","5,411","12,27,760",95.48
KRT,RR,23-Sep-2025,113.02,113.50,113.50,112.70,112.89,113.00,113.05,"3,46,784","3,92,03,363.24","2,031","3,26,456",94.14
KRT,RR,24-Sep-2025,113.00,113.50,114.25,112.92,113.79,113.67,113.68,"6,55,962","7,45,70,634.77","3,364","5,84,920",89.17
KRT,RR,25-Sep-2025,113.67,114.00,114.89,113.50,114.15,114.05,114.06,"6,86,623","7,83,18,891.03","6,464","6,38,461",92.99
KRT,RR,26-Sep-2025,114.05,114.05,115.49,113.06,113.75,113.81,113.98,"16,40,058","18,69,35,978.45","10,810","15,43,739",94.13
KRT,RR,29-Sep-2025,113.81,113.81,115.40,113.55,113.81,114.02,114.65,"5,37,797","6,16,56,207.43","2,909","4,66,833",86.80
KRT,RR,30-Sep-2025,114.02,114.89,116.65,114.41,116.00,115.38,115.26,"9,96,958","11,49,10,360.62","4,787","9,15,133",91.79
KRT,RR,01-Oct-2025,115.38,116.80,119.51,116.10,119.00,118.68,118.11,"6,63,767","7,83,97,651.99","4,356","5,77,821",87.05
KRT,RR,03-Oct-2025,118.68,119.95,120.00,118.25,118.55,118.81,119.01,"5,79,692","6,89,89,231.39","3,490","5,13,299",88.55
KRT,RR,06-Oct-2025,118.81,119.60,119.60,115.02,115.70,115.64,118.05,"24,29,615","28,68,13,097.74","5,567","23,02,984",94.79
KRT,RR,07-Oct-2025,115.64,116.00,118.90,115.77,116.98,116.94,117.16,"26,66,671","31,24,31,383.68","4,554","26,03,206",97.62
KRT,RR,08-Oct-2025,116.94,118.00,118.90,117.60,118.20,118.02,118.12,"4,88,946","5,77,53,019.30","3,426","4,37,886",89.56
KRT,RR,09-Oct-2025,118.02,118.79,118.90,117.84,118.00,118.00,118.61,"5,94,840","7,05,54,821.45","4,081","4,82,875",81.18
KRT,RR,10-Oct-2025,118.00,118.50,118.50,116.60,117.00,117.10,117.32,"3,08,628","3,62,08,698.68","2,920","2,76,554",89.61
KRT,RR,13-Oct-2025,117.10,117.60,117.80,116.08,116.69,116.45,116.85,"2,51,306","2,93,66,316.90","1,556","2,32,295",92.44
KRT,RR,14-Oct-2025,116.45,116.90,117.50,115.50,115.99,115.86,116.90,"3,67,305","4,29,38,786.02","2,871","3,33,807",90.88
KRT,RR,15-Oct-2025,115.86,116.90,117.50,115.50,116.75,116.47,116.74,"2,15,536","2,51,61,736.62","2,054","1,88,879",87.63
KRT,RR,16-Oct-2025,116.47,117.40,117.40,116.06,117.25,116.98,116.81,"6,66,068","7,78,06,054.36","1,901","5,92,204",88.91
KRT,RR,17-Oct-2025,116.98,117.49,117.49,116.01,116.75,116.35,116.55,"1,60,930","1,87,57,116.42","1,410","1,33,965",83.24
KRT,RR,20-Oct-2025,116.35,116.50,117.25,116.15,117.25,117.01,116.80,"91,137","1,06,44,703.51","1,254","82,120",90.11
KRT,RR,21-Oct-2025,117.01,117.59,118.29,117.11,118.00,117.97,117.77,"53,847","63,41,376.43",887,"41,821",78.06
KRT,RR,23-Oct-2025,117.97,119.39,119.39,115.10,115.64,115.69,116.19,"6,91,299","8,03,20,895.14","20,967","5,91,468",85.56
KRT,RR,24-Oct-2025,115.69,115.95,115.95,113.52,113.94,113.90,114.32,"5,02,667","5,74,63,605.38","16,431","4,51,297",89.78
KRT,RR,27-Oct-2025,113.90,114.60,116.16,113.90,115.26,115.33,114.97,"3,21,216","3,69,31,533.25","4,168","2,60,432",81.08
KRT,RR,28-Oct-2025,115.33,115.26,115.90,114.31,114.78,114.71,114.85,"2,43,529","2,79,69,841.55","3,133","1,99,518",81.93
KRT,RR,29-Oct-2025,114.71,114.71,115.39,114.06,114.95,114.90,114.89,"1,44,899","1,66,47,164.99","1,353","1,29,832",89.60
KRT,RR,30-Oct-2025,114.90,114.80,116.50,114.22,115.75,115.85,115.48,"1,90,621","2,20,13,558.93","2,274","1,57,810",82.79
KRT,RR,31-Oct-2025,115.85,115.97,117.00,114.53,115.50,115.52,115.53,"4,33,920","5,01,28,958.58","5,211","3,55,787",81.99
KRT,RR,03-Nov-2025,115.52,116.40,116.50,114.61,115.01,115.20,115.73,"7,56,843","8,75,90,382.28","4,678","6,95,142",91.85
KRT,RR,04-Nov-2025,115.20,115.20,119.00,114.50,118.15,117.60,116.61,"8,62,362","10,05,57,465.85","6,913","7,48,562",86.80
KRT,RR,06-Nov-2025,117.60,117.00,117.65,115.51,116.75,116.70,116.71,"3,22,649","3,76,57,096.59","4,556","2,54,980",79.03
KRT,RR,07-Nov-2025,116.70,116.89,119.40,116.10,118.15,118.60,117.60,"6,02,470","7,08,52,438.36","3,519","4,96,463",82.40
KRT,RR,10-Nov-2025,118.60,119.25,120.00,117.75,119.95,119.89,119.54,"8,33,902","9,96,84,698.79","5,414","7,44,718",89.31
KRT,RR,11-Nov-2025,119.89,120.00,120.00,118.00,119.05,119.26,119.16,"5,86,104","6,98,40,069.99","5,612","5,34,952",91.27
KRT,RR,12-Nov-2025,119.26,119.47,120.45,118.00,120.07,120.01,119.93,"7,16,633","8,59,45,286.46","9,591","6,66,705",93.03
KRT,RR,13-Nov-2025,120.01,119.13,119.48,117.45,118.56,118.91,118.30,"16,06,548","19,00,57,061.43","5,035","15,69,330",97.68
KRT,RR,14-Nov-2025,118.91,118.55,122.03,117.55,118.00,117.96,118.37,"5,03,522","5,95,99,841.72","13,718","4,48,888",89.15
KRT,RR,17-Nov-2025,117.96,118.25,119.20,115.75,118.25,118.64,116.44,"12,47,566","14,52,68,422.81","5,298","11,64,543",93.35
KRT,RR,18-Nov-2025,118.64,119.00,120.10,118.33,118.90,119.07,119.42,"8,40,747","10,04,01,119.43","11,442","7,97,068",94.80
KRT,RR,19-Nov-2025,119.07,119.50,119.50,118.02,118.53,118.91,119.01,"5,20,033","6,18,87,815.33","4,016","4,94,750",95.14
KRT,RR,20-Nov-2025,118.91,119.48,119.98,117.90,118.90,118.57,119.11,"4,59,594","5,47,42,617.19","5,025","4,37,343",95.16
KRT,RR,21-Nov-2025,118.57,119.39,119.48,118.00,118.70,118.96,118.98,"7,86,082","9,35,27,979.24","3,767","7,48,452",95.21
KRT,RR,24-Nov-2025,118.96,119.70,119.70,116.90,117.40,117.28,118.20,"8,22,268","9,71,92,005.38","5,973","8,07,715",98.23
KRT,RR,25-Nov-2025,117.28,118.35,118.35,115.98,117.70,117.62,117.03,"3,76,424","4,40,52,173.55","7,090","3,36,412",89.37
KRT,RR,26-Nov-2025,117.62,117.65,118.48,116.85,116.90,117.00,117.39,"9,06,669","10,64,33,972.24","8,233","8,77,620",96.80
KRT,RR,27-Nov-2025,117.00,117.00,118.85,116.71,117.00,117.02,117.18,"5,36,848","6,29,05,734.63","12,456","4,98,349",92.83
KRT,RR,28-Nov-2025,117.02,117.49,119.75,116.80,119.73,119.09,117.89,"9,58,716","11,30,20,188.69","12,182","8,51,924",88.86
KRT,RR,01-Dec-2025,119.09,120.49,120.49,116.35,119.00,118.97,118.64,"3,26,674","3,87,57,802.70","12,353","2,12,596",65.08
KRT,RR,02-Dec-2025,118.97,118.98,120.50,118.71,119.35,119.47,119.68,"3,73,202","4,46,65,498.84","8,500","3,10,548",83.21
KRT,RR,03-Dec-2025,119.47,119.95,120.69,119.35,119.72,119.82,119.78,"4,81,366","5,76,59,143.84","12,101","4,29,849",89.30
KRT,RR,04-Dec-2025,119.82,120.80,121.98,120.15,121.98,121.59,121.53,"8,65,084","10,51,34,215.67","12,893","7,88,075",91.10
KRT,RR,05-Dec-2025,121.59,123.30,125.50,121.55,123.95,123.36,123.11,"17,66,894","21,75,25,880.22","14,693","16,48,857",93.32
KRT,RR,08-Dec-2025,123.36,125.45,125.45,122.51,123.28,123.03,123.30,"21,98,023","27,10,09,518.21","18,249","21,15,718",96.26
KRT,RR,09-Dec-2025,123.03,123.01,129.07,123.01,126.96,127.20,125.75,"34,36,088","43,21,00,584.39","29,843","31,83,514",92.65
KRT,RR,10-Dec-2025,127.20,128.40,128.40,124.87,125.75,125.68,125.83,"16,09,735","20,25,56,724.69","17,522","13,40,666",83.28
KRT,RR,11-Dec-2025,125.68,127.49,128.00,126.31,127.99,127.99,127.35,"17,25,830","21,97,80,909.57","23,230","16,21,026",93.93
KRT,RR,12-Dec-2025,127.99,128.62,129.00,125.16,126.28,126.35,126.80,"13,74,009","17,42,23,210.16","15,619","11,88,946",86.53
KRT,RR,15-Dec-2025,126.35,127.00,128.65,125.50,125.99,125.98,126.91,"14,38,947","18,26,18,546.98","14,651","11,39,663",79.20
KRT,RR,16-Dec-2025,125.98,125.99,128.50,125.71,127.00,127.21,127.93,"16,04,456","20,52,62,771.44","29,936","12,89,506",80.37
KRT,RR,17-Dec-2025,127.21,127.48,127.98,127.21,127.50,127.56,127.61,"11,03,208","14,07,79,313.13","17,288","10,48,769",95.07
KRT,RR,18-Dec-2025,127.56,127.98,128.00,124.55,124.90,124.97,125.66,"4,91,386","6,17,47,644.05","14,299","3,92,683",79.91
KRT,RR,19-Dec-2025,124.97,124.97,126.00,119.60,120.40,121.35,121.52,"1,19,16,013","1,44,80,18,261.65","22,240","70,91,786",59.51
KRT,RR,22-Dec-2025,121.35,120.25,124.48,120.10,122.66,123.79,122.70,"24,34,578","29,87,17,692.36","39,033","19,18,442",78.80
KRT,RR,23-Dec-2025,123.79,123.60,127.00,123.50,124.81,124.64,125.24,"11,09,592","13,89,69,989.51","36,519","9,82,324",88.53
KRT,RR,24-Dec-2025,124.64,124.65,125.00,124.02,124.48,124.41,124.45,"4,50,029","5,60,07,261.55","27,676","3,48,987",77.55
KRT,RR,26-Dec-2025,124.41,124.90,125.00,123.00,124.60,124.86,124.21,"6,11,381","7,59,37,592.65","23,461","5,08,328",83.14
KRT,RR,29-Dec-2025,124.86,125.79,125.79,122.81,123.80,123.73,123.63,"8,86,013","10,95,38,329.71","26,627","7,16,831",80.91
KRT,RR,30-Dec-2025,123.73,124.34,124.35,122.18,123.00,122.77,123.04,"4,71,507","5,80,13,976.57","28,405","3,90,438",82.81
KRT,RR,31-Dec-2025,122.77,123.20,124.79,119.00,122.20,122.01,121.41,"14,44,791","17,54,08,719.53","30,345","10,73,300",74.29
KRT,RR,01-Jan-2026,122.01,122.64,124.35,122.10,123.88,123.82,123.52,"2,24,810","2,77,69,270.93","11,104","1,74,148",77.46
KRT,RR,02-Jan-2026,123.82,123.82,124.80,123.60,124.48,124.37,124.13,"5,65,658","7,02,14,896.15","13,853","4,39,260",77.65
KRT,RR,05-Jan-2026,124.37,125.48,126.49,124.41,125.00,125.13,125.42,"4,38,864","5,50,43,803.95","14,278","3,80,845",86.78
KRT,RR,06-Jan-2026,125.13,125.70,126.98,125.00,126.25,126.30,126.40,"8,74,887","11,05,87,310.39","17,879","6,96,798",79.64
KRT,RR,07-Jan-2026,126.30,126.48,127.50,125.49,126.89,126.89,126.89,"4,30,243","5,45,92,300.96","13,116","3,40,899",79.23
KRT,RR,08-Jan-2026,126.89,126.60,127.15,125.35,125.55,125.93,126.25,"1,50,479","1,89,97,537.81","3,754","1,19,200",79.21
KRT,RR,09-Jan-2026,125.93,125.80,126.98,123.00,123.90,123.97,124.11,"2,26,423","2,81,02,326.68","9,007","1,52,301",67.26
KRT,RR,12-Jan-2026,123.97,124.90,125.18,122.90,123.46,123.28,123.69,"4,19,112","5,18,39,505.20","3,923","3,35,200",79.98
KRT,RR,13-Jan-2026,123.28,122.51,127.00,122.51,125.95,126.15,125.59,"4,53,148","5,69,12,371.60","16,323","3,45,628",76.27
KRT,RR,14-Jan-2026,126.15,126.70,126.89,124.22,125.51,125.49,125.11,"3,08,186","3,85,56,886.42","6,180","2,13,406",69.25
KRT,RR,16-Jan-2026,125.49,125.80,126.98,125.19,126.00,126.27,126.14,"1,04,128","1,31,34,803.10","8,432","75,154",72.17
KRT,RR,19-Jan-2026,126.27,126.70,127.00,126.27,126.55,126.83,126.80,"2,25,680","2,86,16,127.59","17,014","1,62,619",72.06
KRT,RR,20-Jan-2026,126.83,126.83,127.85,123.16,124.50,124.97,126.36,"3,98,473","5,03,51,239.09","12,862","3,23,941",81.30
KRT,RR,21-Jan-2026,124.97,124.45,127.12,124.07,125.50,125.46,125.19,"2,43,263","3,04,54,211.87","11,396","1,89,119",77.74
KRT,RR,22-Jan-2026,125.46,126.00,126.99,125.50,126.05,126.37,126.57,"1,55,159","1,96,38,396.04","3,055","1,02,298",65.93
KRT,RR,23-Jan-2026,126.37,126.80,127.59,125.06,125.11,125.37,126.03,"2,95,692","3,72,65,078.74","13,559","2,02,967",68.64
KRT,RR,27-Jan-2026,125.37,127.00,127.00,122.20,123.62,123.74,123.88,"4,54,133","5,62,55,820.88","15,860","3,64,064",80.17
KRT,RR,28-Jan-2026,123.74,124.30,124.30,118.56,119.65,119.31,120.45,"12,52,803","15,09,02,489.16","18,897","11,07,357",88.39
KRT,RR,29-Jan-2026,119.31,119.66,121.14,118.51,119.68,119.47,119.29,"4,25,681","5,07,80,640.55","9,123","3,10,206",72.87
KRT,RR,30-Jan-2026,119.47,120.00,123.35,119.47,122.40,122.80,122.15,"6,99,272","8,54,19,423.19","10,837","6,07,628",86.89
KRT,RR,01-Feb-2026,122.80,122.90,123.70,121.05,122.00,121.78,122.29,"90,695","1,10,91,400.82","1,725","66,534",73.36
KRT,RR,02-Feb-2026,121.78,122.88,122.88,121.00,122.35,122.23,121.76,"2,41,305","2,93,82,467.64","8,995","2,12,047",87.88
KRT,RR,03-Feb-2026,122.23,122.99,123.29,119.01,119.45,119.49,120.48,"4,37,742","5,27,37,024.13","8,836","3,49,936",79.94
KRT,RR,04-Feb-2026,119.49,120.10,121.80,119.01,120.96,120.94,120.32,"8,41,701","10,12,71,050.09","13,948","7,65,120",90.90
KRT,RR,05-Feb-2026,120.94,121.90,123.88,120.66,122.00,121.42,122.77,"5,66,411","6,95,39,376.71","8,834","4,23,388",74.75
KRT,RR,06-Feb-2026,121.42,121.70,123.95,120.31,123.60,123.69,122.68,"3,23,240","3,96,54,484.27","8,788","2,58,350",79.93
KRT,RR,09-Feb-2026,123.69,124.66,127.80,123.91,126.99,127.28,126.04,"6,25,529","7,88,38,894.78","17,095","4,99,589",79.87
KRT,RR,10-Feb-2026,127.28,126.66,127.45,123.49,125.12,125.58,125.55,"4,21,738","5,29,51,248.75","10,149","3,00,049",71.15
KRT,RR,11-Feb-2026,125.58,126.96,127.09,125.90,127.09,126.95,126.37,"2,86,998","3,62,68,944.35","11,664","2,28,185",79.51
KRT,RR,12-Feb-2026,126.95,127.20,127.20,122.57,125.55,125.71,125.64,"3,64,688","4,58,20,490.96","3,824","2,43,541",66.78
KRT,RR,13-Feb-2026,125.71,125.50,126.70,124.00,126.00,125.53,125.72,"4,12,426","5,18,51,130.25","18,902","2,73,484",66.31
KRT,RR,16-Feb-2026,125.53,126.43,126.43,124.68,125.55,125.17,125.67,"1,58,703","1,99,44,312.40","5,125","1,18,275",74.53
KRT,RR,17-Feb-2026,125.17,126.00,126.30,125.47,126.00,125.96,126.02,"2,46,702","3,10,90,008.04","4,388","2,19,599",89.01
KRT,RR,18-Feb-2026,125.96,126.30,126.43,124.76,125.26,125.75,125.83,"39,98,437","50,31,18,886.35","26,145","38,71,602",96.83
KRT,RR,19-Feb-2026,125.75,124.99,126.20,124.93,125.00,124.99,125.00,"12,52,598","15,65,77,098.23","8,591","12,29,093",98.12
KRT,RR,20-Feb-2026,124.99,124.99,125.90,124.40,124.50,124.69,124.98,"4,32,228","5,40,19,104.81","16,125","4,01,885",92.98
KRT,RR,23-Feb-2026,124.69,125.89,125.89,124.60,125.20,125.16,125.22,"8,72,160","10,92,09,984.89","13,427","7,65,105",87.73
KRT,RR,24-Feb-2026,125.16,125.80,125.80,124.00,124.41,124.55,124.57,"5,68,682","7,08,41,974.11","35,382","4,41,802",77.69
KRT,RR,25-Feb-2026,124.55,124.10,125.00,123.45,123.50,123.80,124.20,"9,00,335","11,18,21,479.38","40,263","7,50,687",83.38
KRT,RR,26-Feb-2026,123.80,124.10,124.25,122.84,122.89,123.00,123.57,"5,43,691","6,71,84,909.48","6,636","4,36,198",80.23
KRT,RR,27-Feb-2026,123.00,123.49,123.49,119.01,119.50,119.86,121.99,"17,39,822","21,22,41,335.28","20,661","16,20,116",93.12
KRT,RR,02-Mar-2026,119.86,119.10,122.45,117.91,118.88,119.01,119.55,"7,64,105","9,13,49,245.86","22,106","6,00,248",78.56
KRT,RR,04-Mar-2026,119.01,118.78,118.91,114.49,115.80,116.01,116.20,"9,48,631","11,02,31,660.82","19,058","5,34,758",56.37
KRT,RR,05-Mar-2026,116.01,116.20,118.99,114.05,115.55,115.68,116.07,"15,15,932","17,59,57,919.18","25,323","9,85,950",65.04
KRT,RR,06-Mar-2026,115.68,115.67,116.85,115.11,115.80,115.69,115.84,"9,54,770","11,06,03,287.07","21,180","6,53,450",68.44
KRT,RR,09-Mar-2026,115.69,115.00,115.70,113.05,115.50,114.97,114.75,"15,84,271","18,17,98,813.05","20,141","11,79,155",74.43
KRT,RR,10-Mar-2026,114.97,116.49,117.65,115.45,116.99,116.99,116.41,"10,89,082","12,67,76,928.95","8,882","10,11,384",92.87
KRT,RR,11-Mar-2026,116.99,117.42,117.75,115.36,116.99,116.97,116.52,"8,71,007","10,14,92,153.11","13,326","6,62,828",76.10
KRT,RR,12-Mar-2026,116.97,117.00,117.00,111.05,112.30,112.44,114.39,"15,32,203","17,52,74,346.21","8,295","11,76,321",76.77
KRT,RR,13-Mar-2026,112.44,113.00,115.84,112.30,115.00,115.47,114.94,"11,16,031","12,82,73,579.49","18,781","9,65,639",86.52
KRT,RR,16-Mar-2026,115.47,114.20,115.98,114.20,115.51,115.33,115.15,"8,84,175","10,18,10,997.76","11,902","7,34,708",83.10
KRT,RR,17-Mar-2026,115.33,116.40,116.89,112.90,115.55,116.12,114.95,"14,36,998","16,51,76,265.36","11,733","11,43,480",79.57
KRT,RR,18-Mar-2026,116.12,115.85,117.79,114.11,115.56,115.28,115.95,"6,33,161","7,34,13,776.06","15,682","4,91,952",77.70
KRT,RR,19-Mar-2026,115.28,114.21,115.69,111.49,114.50,114.74,113.72,"13,08,557","14,88,11,089.51","12,405","9,63,084",73.60
KRT,RR,20-Mar-2026,114.74,115.02,120.40,113.00,114.99,117.10,117.05,"2,42,07,900","2,83,35,25,358.69","21,901","1,61,41,796",66.68
KRT,RR,23-Mar-2026,117.10,114.50,114.50,107.80,108.99,108.98,111.09,"17,78,296","19,75,48,128.95","11,625","14,10,000",79.29
KRT,RR,24-Mar-2026,108.98,110.07,115.00,110.07,114.99,114.95,113.21,"7,32,113","8,28,85,339.55","11,827","5,10,021",69.66
KRT,RR,25-Mar-2026,114.95,115.60,115.60,112.66,114.00,113.71,114.15,"13,44,417","15,34,66,454.06","17,002","11,08,790",82.47
KRT,RR,27-Mar-2026,113.71,114.40,114.85,112.80,114.70,114.29,114.08,"7,98,573","9,11,03,936.96","3,623","6,88,029",86.16
KRT,RR,30-Mar-2026,114.29,114.97,114.97,111.10,113.54,113.60,113.61,"6,67,814","7,58,67,878.15","14,365","4,70,211",70.41
KRT,RR,01-Apr-2026,113.60,114.84,115.15,112.52,113.25,113.15,113.76,"4,05,921","4,61,77,952.82","9,814","2,96,800",73.12
KRT,RR,02-Apr-2026,113.15,114.00,114.00,112.50,112.90,112.92,112.97,"1,98,079","2,23,77,149.55","4,335","1,59,638",80.59
KRT,RR,06-Apr-2026,112.92,113.49,114.84,112.92,114.63,114.55,114.26,"3,26,186","3,72,70,726.95","7,607","2,78,690",85.44
KRT,RR,07-Apr-2026,114.55,114.55,114.95,113.50,114.30,114.47,114.29,"4,54,934","5,19,92,702.38","3,546","3,79,479",83.41
KRT,RR,08-Apr-2026,114.47,116.35,116.70,112.49,114.50,114.20,114.47,"12,64,974","14,48,00,991.35","14,764","10,82,729",85.59
KRT,RR,09-Apr-2026,114.20,114.20,114.99,113.69,114.10,114.25,114.34,"3,69,751","4,22,76,551.87","5,983","3,30,546",89.40
KRT,RR,10-Apr-2026,114.25,114.80,115.26,113.60,115.00,114.44,114.22,"6,43,301","7,34,80,837.69","9,499","5,75,766",89.50
KRT,RR,13-Apr-2026,114.44,114.44,115.15,114.12,114.70,114.72,114.76,"8,91,058","10,22,55,730.12","8,324","8,15,511",91.52
KRT,RR,15-Apr-2026,114.72,115.30,117.33,114.76,116.29,116.02,115.54,"15,44,688","17,84,78,256.41","20,665","14,35,578",92.94
KRT,RR,16-Apr-2026,116.02,116.29,117.00,115.99,116.98,116.43,116.42,"4,35,994","5,07,60,304.76","48,524","3,74,585",85.92
KRT,RR,17-Apr-2026,116.43,117.48,117.48,115.10,116.30,116.38,116.05,"4,11,253","4,77,25,725.08","44,871","2,96,905",72.20
KRT,RR,20-Apr-2026,116.38,116.40,116.90,115.00,115.95,115.72,115.46,"3,57,140","4,12,34,418.96","31,891","2,51,846",70.52
KRT,RR,21-Apr-2026,115.72,115.72,117.29,115.17,117.20,116.97,116.38,"4,48,684","5,22,17,495.12","40,140","3,44,348",76.75
KRT,RR,22-Apr-2026,116.97,117.00,117.49,116.05,116.07,116.26,116.65,"3,78,106","4,41,07,438.57","23,072","2,68,176",70.93
KRT,RR,23-Apr-2026,116.26,116.50,118.20,114.83,116.80,116.58,115.60,"7,85,072","9,07,50,820.41","24,055","6,26,069",79.75
KRT,RR,24-Apr-2026,116.58,116.00,117.49,116.00,117.30,116.66,116.61,"3,55,860","4,14,98,120.68","23,767","2,52,352",70.91
KRT,RR,27-Apr-2026,116.66,117.44,117.44,115.22,116.50,116.63,115.71,"16,08,021","18,60,64,465.57","28,226","14,72,976",91.60
KRT,RR,28-Apr-2026,116.63,116.69,116.99,115.56,116.65,116.60,116.15,"3,91,350","4,54,54,824.08","32,088","2,88,518",73.72
KRT,RR,29-Apr-2026,116.60,116.60,118.87,115.70,118.50,117.65,116.86,"5,48,734","6,41,27,158.70","28,871","4,45,450",81.18
KRT,RR,30-Apr-2026,117.65,117.65,120.10,116.51,118.56,119.15,119.45,"13,67,820","16,33,83,505.19","11,915","12,21,177",89.28
KRT,RR,04-May-2026,119.15,119.70,120.10,118.62,119.40,119.37,119.69,"1,31,149","1,56,96,727.43","13,640","93,224",71.08
KRT,RR,05-May-2026,119.37,119.92,120.40,117.16,118.39,118.38,118.39,"1,53,514","1,81,74,784.36","4,976","1,12,699",73.41
KRT,RR,06-May-2026,118.38,118.40,119.30,117.91,119.00,118.97,118.66,"2,97,927","3,53,53,075.33","4,809","2,46,460",82.72
KRT,RR,07-May-2026,118.97,119.30,119.69,116.98,118.00,117.95,118.07,"5,27,429","6,22,72,643.07","6,823","4,16,691",79.00
KRT,RR,08-May-2026,117.95,118.40,118.80,116.65,117.98,117.98,117.62,"3,13,467","3,68,68,532.58","9,393","2,56,113",81.70
KRT,RR,11-May-2026,117.98,118.10,119.49,116.49,119.40,118.82,117.27,"3,46,962","4,06,89,600.65","4,533","2,56,916",74.05
KRT,RR,12-May-2026,118.82,117.80,118.22,116.44,117.36,117.17,117.17,"1,78,540","2,09,19,232.70","3,898","1,38,309",77.47
KRT,RR,13-May-2026,117.17,117.70,119.84,117.02,119.10,118.47,118.68,"2,19,825","2,60,89,788.34","5,067","1,51,211",68.79
KRT,RR,14-May-2026,118.47,118.80,120.10,117.21,118.50,118.16,118.57,"3,73,465","4,42,80,890.06","17,435","2,35,011",62.93
KRT,RR,15-May-2026,118.16,117.40,117.45,115.56,116.00,116.23,116.31,"3,75,146","4,36,31,713.89","22,603","2,62,084",69.86
KRT,RR,18-May-2026,116.23,116.00,118.80,115.75,118.69,118.25,117.05,"5,51,725","6,45,81,076.81","9,837","4,34,796",78.81
KRT,RR,19-May-2026,118.25,118.25,118.45,116.11,116.59,116.84,117.11,"3,17,584","3,71,90,888.91","10,689","2,06,391",64.99
KRT,RR,20-May-2026,116.84,116.60,117.76,116.20,116.72,117.39,116.91,"2,04,955","2,39,60,488.61","7,184","1,44,607",70.56
KRT,RR,21-May-2026,117.39,117.60,117.92,116.26,116.52,116.65,116.97,"2,67,075","3,12,38,777.74","5,299","1,65,706",62.04
KRT,RR,22-May-2026,116.65,117.20,117.70,116.41,116.88,116.67,117.21,"2,61,389","3,06,38,542.58","5,073","1,82,463",69.81
KRT,RR,25-May-2026,116.67,117.49,117.49,116.00,116.12,116.14,116.40,"8,07,319","9,39,71,442.89","8,608","6,39,073",79.16
KRT,RR,26-May-2026,116.14,116.02,117.46,116.02,117.16,117.11,116.66,"2,83,641","3,30,88,927.97","9,409","2,05,265",72.37
KRT,RR,27-May-2026,117.11,117.30,117.60,116.20,116.95,116.94,116.62,"22,46,600","26,20,02,155.19","6,642","21,62,392",96.25
KRT,RR,29-May-2026,116.94,117.60,117.60,114.87,116.20,116.09,115.94,"9,42,358","10,92,54,750.04","8,461","8,31,669",88.25
KRT,RR,01-Jun-2026,116.09,116.99,116.99,115.50,116.40,116.40,116.23,"3,23,142","3,75,57,803.64","5,325","2,66,033",82.33
KRT,RR,02-Jun-2026,116.40,117.14,117.14,114.21,116.50,116.49,116.11,"4,49,084","5,21,42,329.93","5,962","3,69,417",82.26
KRT,RR,03-Jun-2026,116.49,116.73,116.73,115.49,116.52,116.39,116.23,"3,19,186","3,71,00,243.26","7,903","2,29,374",71.86
KRT,RR,04-Jun-2026,116.39,116.40,116.65,115.96,116.60,116.51,116.44,"4,52,500","5,26,87,270.43","12,140","3,61,860",79.97
KRT,RR,05-Jun-2026,116.51,116.74,117.30,116.20,117.00,116.99,116.95,"5,06,611","5,92,46,708.73","9,509","4,01,504",79.25
KRT,RR,08-Jun-2026,116.99,116.99,117.19,115.51,116.40,116.53,116.86,"7,21,374","8,43,02,173.93","12,209","6,05,508",83.94
KRT,RR,09-Jun-2026,116.53,116.53,117.20,116.21,117.18,116.98,116.86,"3,73,540","4,36,52,056.45","18,668","2,88,298",77.18
KRT,RR,10-Jun-2026,116.98,116.98,118.10,116.60,117.40,117.37,117.48,"3,26,870","3,84,01,668.31","13,579","2,50,832",76.74
KRT,RR,11-Jun-2026,117.37,117.65,118.00,116.97,117.50,117.48,117.64,"3,58,469","4,21,71,098.70","14,429","2,72,148",75.92
KRT,RR,12-Jun-2026,117.48,117.30,118.49,115.70,116.20,116.46,117.31,"3,86,194","4,53,03,277.62","12,836","2,86,180",74.10
KRT,RR,15-Jun-2026,116.46,116.50,118.00,116.50,117.70,117.77,117.50,"3,69,628","4,34,30,701.24","7,748","3,06,662",82.97
KRT,RR,16-Jun-2026,117.77,118.00,118.00,116.00,116.01,116.07,116.57,"8,02,285","9,35,22,345.75","16,599","6,60,593",82.34
KRT,RR,17-Jun-2026,116.07,116.60,117.04,115.51,116.37,116.34,116.63,"3,56,615","4,15,93,703.71","11,253","2,75,077",77.14
KRT,RR,18-Jun-2026,116.34,116.30,117.08,116.10,116.65,116.94,116.76,"2,13,753","2,49,58,214.43","7,761","1,73,853",81.33
KRT,RR,19-Jun-2026,116.94,116.92,118.00,115.77,117.00,116.66,116.64,"92,00,780","1,07,32,03,493.03","15,836","71,30,049",77.49
KRT,RR,22-Jun-2026,116.66,116.80,117.60,116.50,116.55,116.72,116.99,"11,27,717","13,19,27,004.29","3,188","10,93,204",96.94
KRT,RR,23-Jun-2026,116.72,116.90,117.14,115.85,115.99,116.01,116.49,"3,73,135","4,34,64,912.30","9,869","2,92,034",78.26
KRT,RR,24-Jun-2026,116.01,116.49,116.80,115.93,116.03,116.14,116.22,"1,71,895","1,99,78,069.96","4,159","1,39,249",81.01
KRT,RR,25-Jun-2026,116.14,116.40,116.50,115.05,115.05,115.12,115.57,"2,59,119","2,99,45,862.16","3,242","1,88,035",72.57
KRT,RR,29-Jun-2026,115.12,115.12,116.00,115.00,115.72,115.67,115.68,"2,78,308","3,21,95,765.30","2,395","2,17,830",78.27
KRT,RR,30-Jun-2026,115.67,115.98,116.69,115.27,115.51,115.45,115.94,"7,86,152","9,11,48,823.13","7,733","6,71,605",85.43
KRT,RR,01-Jul-2026,115.45,115.89,116.10,114.75,114.83,115.06,115.68,"4,32,489","5,00,28,768.24","4,685","3,52,273",81.45
KRT,RR,02-Jul-2026,115.06,115.10,115.85,115.06,115.27,115.44,115.47,"2,74,981","3,17,53,151.44","5,119","2,24,883",81.78
KRT,RR,03-Jul-2026,115.44,115.90,116.20,114.78,114.90,114.96,115.62,"11,16,496","12,90,91,768.02","3,175","9,52,764",85.34
KRT,RR,06-Jul-2026,114.96,115.30,116.10,115.00,115.20,115.65,115.61,"3,33,561","3,85,63,693.14","4,340","2,50,261",75.03
KRT,RR,07-Jul-2026,115.65,115.75,116.00,115.12,115.57,115.74,115.72,"2,10,880","2,44,03,650.87","10,018","1,55,744",73.85
KRT,RR,08-Jul-2026,115.74,115.70,116.00,115.10,115.68,115.60,115.55,"1,85,416","2,14,25,626.06","2,948","1,47,086",79.33
KRT,RR,09-Jul-2026,115.60,115.75,115.98,115.00,115.01,115.08,115.38,"1,69,938","1,96,07,105.46","13,237","1,36,060",80.06
KRT,RR,10-Jul-2026,115.08,115.65,115.80,115.15,115.50,115.56,115.54,"1,05,553","1,21,95,195.56","2,360","84,242",79.81
KRT,RR,13-Jul-2026,115.56,115.56,115.85,115.37,115.77,115.76,115.65,"99,449","1,15,00,986.71","5,740","81,221",81.67
KRT,RR,14-Jul-2026,115.76,116.49,116.49,115.17,115.34,115.46,115.71,"1,81,596","2,10,12,528.19","3,016","1,56,305",86.07
KRT,RR,15-Jul-2026,115.46,115.64,116.99,115.46,116.70,116.54,116.08,"1,62,671","1,88,83,221.22","2,001","1,32,010",81.15
KRT,RR,16-Jul-2026,116.54,116.78,116.78,115.60,115.81,115.85,115.94,"90,210","1,04,59,039.96","2,534","67,828",75.19
