"DateTime","BIRETRRN"
"2021-02-16 00:00:00",269.2
"2021-02-17 00:00:00",268.05
"2021-02-18 00:00:00",267.5
"2021-02-19 00:00:00",261
"2021-02-22 00:00:00",246.9
"2021-02-23 00:00:00",247.15
"2021-02-24 00:00:00",250.5
"2021-02-25 00:00:00",251.45
"2021-02-26 00:00:00",249.99
"2021-03-01 00:00:00",246.3
"2021-03-02 00:00:00",249.66
"2021-03-03 00:00:00",249.17
"2021-03-04 00:00:00",249
"2021-03-05 00:00:00",246.8
"2021-03-08 00:00:00",247.4
"2021-03-09 00:00:00",244.54
"2021-03-10 00:00:00",244.5
"2021-03-12 00:00:00",245.89
"2021-03-15 00:00:00",235.25
"2021-03-16 00:00:00",234.88
"2021-03-17 00:00:00",230
"2021-03-18 00:00:00",225
"2021-03-19 00:00:00",227
"2021-03-22 00:00:00",231
"2021-03-23 00:00:00",227.1
"2021-03-24 00:00:00",225.5
"2021-03-25 00:00:00",221
"2021-03-26 00:00:00",222
"2021-03-30 00:00:00",224
"2021-03-31 00:00:00",223.8
"2021-04-01 00:00:00",231
"2021-04-05 00:00:00",231.5
"2021-04-06 00:00:00",241.6
"2021-04-07 00:00:00",242
"2021-04-08 00:00:00",242
"2021-04-09 00:00:00",239.22
"2021-04-12 00:00:00",234
"2021-04-13 00:00:00",240.5
"2021-04-15 00:00:00",236.2
"2021-04-16 00:00:00",241
"2021-04-19 00:00:00",238.01
"2021-04-20 00:00:00",240
"2021-04-22 00:00:00",242
"2021-04-23 00:00:00",241.75
"2021-04-26 00:00:00",243.49
"2021-04-27 00:00:00",243.7
"2021-04-28 00:00:00",243.5
"2021-04-29 00:00:00",242
"2021-04-30 00:00:00",246.5
"2021-05-03 00:00:00",249.79
"2021-05-04 00:00:00",250.6
"2021-05-05 00:00:00",253.82
"2021-05-06 00:00:00",254
"2021-05-07 00:00:00",252.87
"2021-05-10 00:00:00",257.8
"2021-05-11 00:00:00",260
"2021-05-12 00:00:00",259.5
"2021-05-14 00:00:00",253.49
"2021-05-17 00:00:00",250
"2021-05-18 00:00:00",250
"2021-05-19 00:00:00",255
"2021-05-20 00:00:00",250.55
"2021-05-21 00:00:00",248.93
"2021-05-24 00:00:00",247.16
"2021-05-25 00:00:00",253
"2021-05-26 00:00:00",249.35
"2021-05-27 00:00:00",249.67
"2021-05-28 00:00:00",251
"2021-05-31 00:00:00",251
"2021-06-01 00:00:00",252.01
"2021-06-02 00:00:00",257
"2021-06-03 00:00:00",256.6
"2021-06-04 00:00:00",259.1
"2021-06-07 00:00:00",257.9
"2021-06-08 00:00:00",261.84
"2021-06-09 00:00:00",268
"2021-06-10 00:00:00",267.86
"2021-06-11 00:00:00",270
"2021-06-14 00:00:00",268.49
"2021-06-15 00:00:00",265.04
"2021-06-16 00:00:00",267.42
"2021-06-17 00:00:00",265.99
"2021-06-18 00:00:00",265
"2021-06-21 00:00:00",269
"2021-06-22 00:00:00",268.5
"2021-06-23 00:00:00",268.89
"2021-06-24 00:00:00",268.49
"2021-06-25 00:00:00",268.5
"2021-06-28 00:00:00",269.45
"2021-06-29 00:00:00",268
"2021-06-30 00:00:00",268
"2021-07-01 00:00:00",271
"2021-07-02 00:00:00",269.9
"2021-07-05 00:00:00",269
"2021-07-06 00:00:00",267.4
"2021-07-07 00:00:00",268.01
"2021-07-08 00:00:00",267.46
"2021-07-09 00:00:00",264.39
"2021-07-12 00:00:00",265.5
"2021-07-13 00:00:00",266.3
"2021-07-14 00:00:00",265.2
"2021-07-15 00:00:00",264.26
"2021-07-16 00:00:00",265.5
"2021-07-19 00:00:00",270
"2021-07-20 00:00:00",268.93
"2021-07-22 00:00:00",267
"2021-07-23 00:00:00",266
"2021-07-26 00:00:00",264.67
"2021-07-27 00:00:00",264.99
"2021-07-28 00:00:00",264.6
"2021-07-29 00:00:00",265
"2021-07-30 00:00:00",264
"2021-08-02 00:00:00",265.25
"2021-08-03 00:00:00",268
"2021-08-04 00:00:00",269.98
"2021-08-05 00:00:00",271.6
"2021-08-06 00:00:00",273.05
"2021-08-09 00:00:00",272.65
"2021-08-10 00:00:00",272
"2021-08-11 00:00:00",267
"2021-08-12 00:00:00",265
"2021-08-13 00:00:00",265
"2021-08-16 00:00:00",265
"2021-08-17 00:00:00",259.65
"2021-08-18 00:00:00",256
"2021-08-20 00:00:00",254.85
"2021-08-23 00:00:00",254.5
"2021-08-24 00:00:00",254.98
"2021-08-25 00:00:00",254.48
"2021-08-26 00:00:00",252
"2021-08-27 00:00:00",258
"2021-08-30 00:00:00",258.5
"2021-08-31 00:00:00",262.65
"2021-09-01 00:00:00",266.3
"2021-09-02 00:00:00",264.77
"2021-09-03 00:00:00",263
"2021-09-06 00:00:00",263.75
"2021-09-07 00:00:00",265.35
"2021-09-08 00:00:00",266.9
"2021-09-09 00:00:00",271.45
"2021-09-13 00:00:00",274.95
"2021-09-14 00:00:00",274
"2021-09-15 00:00:00",270.7
"2021-09-16 00:00:00",265.7
"2021-09-17 00:00:00",256.49
"2021-09-20 00:00:00",255.1
"2021-09-21 00:00:00",259.1
"2021-09-22 00:00:00",259.45
"2021-09-23 00:00:00",258.52
"2021-09-24 00:00:00",259.2
"2021-09-27 00:00:00",255.01
"2021-09-28 00:00:00",257
"2021-09-29 00:00:00",266.15
"2021-09-30 00:00:00",266.68
"2021-10-01 00:00:00",270
"2021-10-04 00:00:00",273
"2021-10-05 00:00:00",269.7
"2021-10-06 00:00:00",270
"2021-10-07 00:00:00",269
"2021-10-08 00:00:00",269.95
"2021-10-11 00:00:00",269.69
"2021-10-12 00:00:00",269.29
"2021-10-13 00:00:00",272
"2021-10-14 00:00:00",270.9
"2021-10-18 00:00:00",272.83
"2021-10-19 00:00:00",273.95
"2021-10-20 00:00:00",272
"2021-10-21 00:00:00",273.55
"2021-10-22 00:00:00",275
"2021-10-25 00:00:00",279.7
"2021-10-26 00:00:00",286.79
"2021-10-27 00:00:00",288.71
"2021-10-28 00:00:00",286.8
"2021-10-29 00:00:00",287.5
"2021-11-01 00:00:00",290
"2021-11-02 00:00:00",290.79
"2021-11-03 00:00:00",290
"2021-11-04 00:00:00",292.65
"2021-11-08 00:00:00",293
"2021-11-09 00:00:00",293.34
"2021-11-10 00:00:00",296.1
"2021-11-11 00:00:00",300
"2021-11-12 00:00:00",301
"2021-11-15 00:00:00",312.98
"2021-11-16 00:00:00",300
"2021-11-17 00:00:00",300
"2021-11-18 00:00:00",297.65
"2021-11-22 00:00:00",295.2
"2021-11-23 00:00:00",296.49
"2021-11-24 00:00:00",294
"2021-11-25 00:00:00",298.5
"2021-11-26 00:00:00",292.81
"2021-11-29 00:00:00",292
"2021-11-30 00:00:00",282.14
"2021-12-01 00:00:00",288.1
"2021-12-02 00:00:00",294
"2021-12-03 00:00:00",294.5
"2021-12-06 00:00:00",294.99
"2021-12-07 00:00:00",293.6
"2021-12-08 00:00:00",295
"2021-12-09 00:00:00",297.3
"2021-12-10 00:00:00",295.98
"2021-12-13 00:00:00",296.5
"2021-12-14 00:00:00",295.24
"2021-12-15 00:00:00",296.4
"2021-12-16 00:00:00",294.9
"2021-12-17 00:00:00",296
"2021-12-20 00:00:00",291.84
"2021-12-21 00:00:00",294.17
"2021-12-22 00:00:00",294.5
"2021-12-23 00:00:00",295
"2021-12-24 00:00:00",292
"2021-12-27 00:00:00",289.89
"2021-12-28 00:00:00",291.55
"2021-12-29 00:00:00",290.35
"2021-12-30 00:00:00",288.99
"2021-12-31 00:00:00",294.63
"2022-01-03 00:00:00",294.5
"2022-01-04 00:00:00",295.94
"2022-01-05 00:00:00",296.15
"2022-01-06 00:00:00",293.53
"2022-01-07 00:00:00",294.5
"2022-01-10 00:00:00",292
"2022-01-11 00:00:00",292.31
"2022-01-12 00:00:00",295.15
"2022-01-13 00:00:00",295.51
"2022-01-14 00:00:00",297
"2022-01-17 00:00:00",299.99
"2022-01-18 00:00:00",299
"2022-01-19 00:00:00",298.1
"2022-01-20 00:00:00",300
"2022-01-21 00:00:00",298.6
"2022-01-24 00:00:00",297
"2022-01-25 00:00:00",298
"2022-01-27 00:00:00",296
"2022-01-28 00:00:00",295.01
"2022-01-31 00:00:00",299.5
"2022-02-01 00:00:00",301
"2022-02-02 00:00:00",303.5
"2022-02-03 00:00:00",311.11
"2022-02-04 00:00:00",312.5
"2022-02-07 00:00:00",313.5
"2022-02-08 00:00:00",313.5
"2022-02-09 00:00:00",313.7
"2022-02-10 00:00:00",310.9
"2022-02-11 00:00:00",312
"2022-02-14 00:00:00",307
"2022-02-15 00:00:00",305.3
"2022-02-16 00:00:00",306.01
"2022-02-17 00:00:00",306
"2022-02-18 00:00:00",306.32
"2022-02-21 00:00:00",303
"2022-02-22 00:00:00",303
"2022-02-23 00:00:00",304
"2022-02-24 00:00:00",302
"2022-02-25 00:00:00",303.26
"2022-02-28 00:00:00",303.1
"2022-03-02 00:00:00",304
"2022-03-03 00:00:00",302
"2022-03-04 00:00:00",299.5
"2022-03-07 00:00:00",301.5
"2022-03-08 00:00:00",299.75
"2022-03-09 00:00:00",294.99
"2022-03-10 00:00:00",291.99
"2022-03-11 00:00:00",300
"2022-03-14 00:00:00",299
"2022-03-15 00:00:00",299
"2022-03-16 00:00:00",298
"2022-03-17 00:00:00",302
"2022-03-21 00:00:00",301
"2022-03-22 00:00:00",303
"2022-03-23 00:00:00",302.28
"2022-03-24 00:00:00",304.99
"2022-03-25 00:00:00",306
"2022-03-28 00:00:00",309.49
"2022-03-29 00:00:00",313
"2022-03-30 00:00:00",313.5
"2022-03-31 00:00:00",310.21
"2022-04-01 00:00:00",313.95
"2022-04-04 00:00:00",314.6
"2022-04-05 00:00:00",316
"2022-04-06 00:00:00",319.45
"2022-04-07 00:00:00",318
"2022-04-08 00:00:00",321.5
"2022-04-11 00:00:00",320.5
"2022-04-12 00:00:00",320.22
"2022-04-13 00:00:00",322.16
"2022-04-18 00:00:00",324.8
"2022-04-19 00:00:00",325.48
"2022-04-20 00:00:00",324.4
"2022-04-21 00:00:00",325
"2022-04-22 00:00:00",327.99
"2022-04-25 00:00:00",329.7
"2022-04-26 00:00:00",328.6
"2022-04-27 00:00:00",329.95
"2022-04-28 00:00:00",331.99
"2022-04-29 00:00:00",332
"2022-05-02 00:00:00",332.4
"2022-05-04 00:00:00",332.99
"2022-05-05 00:00:00",329
"2022-05-06 00:00:00",329.74
"2022-05-09 00:00:00",326.89
"2022-05-10 00:00:00",327.99
"2022-05-11 00:00:00",321
"2022-05-12 00:00:00",313
"2022-05-13 00:00:00",312.99
"2022-05-16 00:00:00",307.8
"2022-05-17 00:00:00",320.01
"2022-05-18 00:00:00",323.6
"2022-05-19 00:00:00",323.82
"2022-05-20 00:00:00",326.98
"2022-05-23 00:00:00",330.01
"2022-05-24 00:00:00",331.95
"2022-05-25 00:00:00",330.99
"2022-05-26 00:00:00",336
"2022-05-27 00:00:00",331.9
"2022-05-30 00:00:00",334.5
"2022-05-31 00:00:00",322.65
"2022-06-01 00:00:00",334.99
"2022-06-02 00:00:00",338.21
"2022-06-03 00:00:00",333.8
"2022-06-06 00:00:00",334.7
"2022-06-07 00:00:00",334.1
"2022-06-08 00:00:00",335.93
"2022-06-09 00:00:00",339
"2022-06-10 00:00:00",333.5
"2022-06-13 00:00:00",335.71
"2022-06-14 00:00:00",333.99
"2022-06-15 00:00:00",327.5
"2022-06-16 00:00:00",324.1
"2022-06-17 00:00:00",325
"2022-06-20 00:00:00",324
"2022-06-21 00:00:00",321.64
"2022-06-22 00:00:00",320.65
"2022-06-23 00:00:00",321.37
"2022-06-24 00:00:00",325
"2022-06-27 00:00:00",326
"2022-06-28 00:00:00",332.75
"2022-06-29 00:00:00",330.99
"2022-06-30 00:00:00",324.01
"2022-07-01 00:00:00",325.72
"2022-07-04 00:00:00",323
"2022-07-05 00:00:00",326.95
"2022-07-06 00:00:00",327.26
"2022-07-07 00:00:00",325.35
"2022-07-08 00:00:00",324.92
"2022-07-11 00:00:00",327.65
"2022-07-12 00:00:00",323.5
"2022-07-13 00:00:00",325
"2022-07-14 00:00:00",330
"2022-07-15 00:00:00",324
"2022-07-18 00:00:00",327
"2022-07-19 00:00:00",324.99
"2022-07-20 00:00:00",325.79
"2022-07-21 00:00:00",328
"2022-07-22 00:00:00",325
"2022-07-25 00:00:00",325.69
"2022-07-26 00:00:00",324.99
"2022-07-27 00:00:00",322
"2022-07-28 00:00:00",324.25
"2022-07-29 00:00:00",323.94
"2022-08-01 00:00:00",323.71
"2022-08-02 00:00:00",325
"2022-08-03 00:00:00",329.95
"2022-08-04 00:00:00",329.9
"2022-08-05 00:00:00",330
"2022-08-08 00:00:00",336.3
"2022-08-10 00:00:00",342.46
"2022-08-11 00:00:00",341.9
"2022-08-12 00:00:00",338.2
"2022-08-16 00:00:00",340
"2022-08-17 00:00:00",340
"2022-08-18 00:00:00",337
"2022-08-19 00:00:00",337
"2022-08-22 00:00:00",330.51
"2022-08-23 00:00:00",327.51
"2022-08-24 00:00:00",332
"2022-08-25 00:00:00",330.5
"2022-08-26 00:00:00",331.5
"2022-08-29 00:00:00",334.99
"2022-08-30 00:00:00",334.1
"2022-09-01 00:00:00",329.05
"2022-09-02 00:00:00",330.25
"2022-09-05 00:00:00",329.5
"2022-09-06 00:00:00",330
"2022-09-07 00:00:00",327.9
"2022-09-08 00:00:00",329.5
"2022-09-09 00:00:00",329.4
"2022-09-12 00:00:00",330
"2022-09-13 00:00:00",330.03
"2022-09-14 00:00:00",330.89
"2022-09-15 00:00:00",330.04
"2022-09-16 00:00:00",330
"2022-09-19 00:00:00",327
"2022-09-20 00:00:00",328
"2022-09-21 00:00:00",328
"2022-09-22 00:00:00",326
"2022-09-23 00:00:00",326.1
"2022-09-26 00:00:00",324.06
"2022-09-27 00:00:00",324
"2022-09-28 00:00:00",323.01
"2022-09-29 00:00:00",319.95
"2022-09-30 00:00:00",324
"2022-10-03 00:00:00",321.7
"2022-10-04 00:00:00",320.5
"2022-10-06 00:00:00",322
"2022-10-07 00:00:00",323.14
"2022-10-10 00:00:00",319.49
"2022-10-11 00:00:00",319.9
"2022-10-12 00:00:00",319.99
"2022-10-13 00:00:00",319.2
"2022-10-14 00:00:00",318.1
"2022-10-17 00:00:00",318.99
"2022-10-18 00:00:00",317
"2022-10-19 00:00:00",316.6
"2022-10-20 00:00:00",315.01
"2022-10-21 00:00:00",314.99
"2022-10-24 00:00:00",320.1
"2022-10-25 00:00:00",318.18
"2022-10-27 00:00:00",317.5
"2022-10-28 00:00:00",320
"2022-10-31 00:00:00",316
"2022-11-01 00:00:00",315.01
"2022-11-02 00:00:00",311.06
"2022-11-03 00:00:00",305.1
"2022-11-04 00:00:00",299.9
"2022-11-07 00:00:00",295
"2022-11-09 00:00:00",299.95
"2022-11-10 00:00:00",294.95
"2022-11-11 00:00:00",299.6
"2022-11-14 00:00:00",298.45
"2022-11-15 00:00:00",295.72
"2022-11-16 00:00:00",294.97
"2022-11-17 00:00:00",294.89
"2022-11-18 00:00:00",294
"2022-11-21 00:00:00",291.95
"2022-11-22 00:00:00",292.87
"2022-11-23 00:00:00",290
"2022-11-24 00:00:00",290
"2022-11-25 00:00:00",289.69
"2022-11-28 00:00:00",289.99
"2022-11-29 00:00:00",290
"2022-11-30 00:00:00",289.99
"2022-12-01 00:00:00",289.6
"2022-12-02 00:00:00",288.99
"2022-12-05 00:00:00",289
"2022-12-06 00:00:00",289.17
"2022-12-07 00:00:00",289.6
"2022-12-08 00:00:00",289.49
"2022-12-09 00:00:00",289.75
"2022-12-12 00:00:00",292.05
"2022-12-13 00:00:00",291.66
"2022-12-14 00:00:00",289.46
"2022-12-15 00:00:00",289.05
"2022-12-16 00:00:00",289
"2022-12-19 00:00:00",289.1
"2022-12-20 00:00:00",289.2
"2022-12-21 00:00:00",288.75
"2022-12-22 00:00:00",287.55
"2022-12-23 00:00:00",284
"2022-12-26 00:00:00",285
"2022-12-27 00:00:00",284
"2022-12-28 00:00:00",283.42
"2022-12-29 00:00:00",283.9
"2022-12-30 00:00:00",288
"2023-01-02 00:00:00",294.1
"2023-01-03 00:00:00",291.85
"2023-01-04 00:00:00",292.87
"2023-01-05 00:00:00",296
"2023-01-06 00:00:00",294.55
"2023-01-09 00:00:00",294.9
"2023-01-10 00:00:00",295
"2023-01-11 00:00:00",296
"2023-01-12 00:00:00",299
"2023-01-13 00:00:00",299.4
"2023-01-16 00:00:00",298.96
"2023-01-17 00:00:00",296.5
"2023-01-18 00:00:00",291.5
"2023-01-19 00:00:00",289.98
"2023-01-20 00:00:00",290
"2023-01-23 00:00:00",289.55
"2023-01-24 00:00:00",288.94
"2023-01-25 00:00:00",288.74
"2023-01-27 00:00:00",287.6
"2023-01-30 00:00:00",287.99
"2023-01-31 00:00:00",290.69
"2023-02-01 00:00:00",284.9
"2023-02-02 00:00:00",279
"2023-02-03 00:00:00",278
"2023-02-06 00:00:00",275
"2023-02-07 00:00:00",271.76
"2023-02-08 00:00:00",272.7
"2023-02-09 00:00:00",272.48
"2023-02-10 00:00:00",272.85
"2023-02-13 00:00:00",273.3
"2023-02-14 00:00:00",276.11
"2023-02-15 00:00:00",286.8
"2023-02-16 00:00:00",279.89
"2023-02-17 00:00:00",277
"2023-02-20 00:00:00",273.1
"2023-02-21 00:00:00",272
"2023-02-22 00:00:00",273.99
"2023-02-23 00:00:00",271.83
"2023-02-24 00:00:00",271.65
"2023-02-27 00:00:00",269
"2023-02-28 00:00:00",266.5
"2023-03-01 00:00:00",269
"2023-03-02 00:00:00",264.6
"2023-03-03 00:00:00",266
"2023-03-06 00:00:00",267.8
"2023-03-08 00:00:00",267.76
"2023-03-09 00:00:00",268
"2023-03-10 00:00:00",264.5
"2023-03-13 00:00:00",260
"2023-03-14 00:00:00",255.2
"2023-03-15 00:00:00",252.5
"2023-03-16 00:00:00",263.9
"2023-03-17 00:00:00",263
"2023-03-20 00:00:00",262
"2023-03-21 00:00:00",261.2
"2023-03-22 00:00:00",262.5
"2023-03-23 00:00:00",263.1
"2023-03-24 00:00:00",274.5
"2023-03-27 00:00:00",269.5
"2023-03-28 00:00:00",269.97
"2023-03-29 00:00:00",280
"2023-03-31 00:00:00",279.9
"2023-04-03 00:00:00",279.98
"2023-04-05 00:00:00",280
"2023-04-06 00:00:00",278
"2023-04-10 00:00:00",276.5
"2023-04-11 00:00:00",272.25
"2023-04-12 00:00:00",277.85
"2023-04-13 00:00:00",275.49
"2023-04-17 00:00:00",275
"2023-04-18 00:00:00",278.15
"2023-04-19 00:00:00",278.7
"2023-04-20 00:00:00",279.5
"2023-04-21 00:00:00",277.05
"2023-04-24 00:00:00",276.31
"2023-04-25 00:00:00",276
"2023-04-26 00:00:00",275
"2023-04-27 00:00:00",274.8
"2023-04-28 00:00:00",276
"2023-05-02 00:00:00",275
"2023-05-03 00:00:00",274.17
"2023-05-04 00:00:00",274.1
"2023-05-05 00:00:00",274
"2023-05-08 00:00:00",274.43
"2023-05-09 00:00:00",272
"2023-05-10 00:00:00",272.95
"2023-05-11 00:00:00",271
"2023-05-12 00:00:00",270.4
"2023-05-15 00:00:00",270.21
"2023-05-16 00:00:00",268.7
"2023-05-17 00:00:00",273.01
"2023-05-18 00:00:00",272.05
"2023-05-19 00:00:00",273.5
"2023-05-22 00:00:00",274.71
"2023-05-23 00:00:00",275
"2023-05-24 00:00:00",273.75
"2023-05-25 00:00:00",274.95
"2023-05-26 00:00:00",272.3
"2023-05-29 00:00:00",270
"2023-05-30 00:00:00",270.2
"2023-05-31 00:00:00",275
"2023-06-01 00:00:00",273.1
"2023-06-02 00:00:00",271.9
"2023-06-05 00:00:00",271.35
"2023-06-06 00:00:00",272.71
"2023-06-07 00:00:00",270.99
"2023-06-08 00:00:00",269.01
"2023-06-09 00:00:00",268.98
"2023-06-12 00:00:00",269.05
"2023-06-13 00:00:00",269.5
"2023-06-14 00:00:00",267.99
"2023-06-15 00:00:00",266.53
"2023-06-16 00:00:00",267.07
"2023-06-19 00:00:00",263.5
"2023-06-20 00:00:00",264.5
"2023-06-21 00:00:00",262.99
"2023-06-22 00:00:00",264
"2023-06-23 00:00:00",263.5
"2023-06-26 00:00:00",263.54
"2023-06-27 00:00:00",262.85
"2023-06-28 00:00:00",261.8
"2023-06-30 00:00:00",270.5
"2023-07-03 00:00:00",266
"2023-07-04 00:00:00",266.5
"2023-07-05 00:00:00",267.79
"2023-07-06 00:00:00",270
"2023-07-07 00:00:00",270.25
"2023-07-10 00:00:00",269.93
"2023-07-11 00:00:00",266.9
"2023-07-12 00:00:00",265.5
"2023-07-13 00:00:00",264.8
"2023-07-14 00:00:00",264.8
"2023-07-17 00:00:00",266.8
"2023-07-18 00:00:00",269.47
"2023-07-19 00:00:00",265.52
"2023-07-20 00:00:00",264
"2023-07-21 00:00:00",265
"2023-07-24 00:00:00",265
"2023-07-25 00:00:00",263.56
"2023-07-26 00:00:00",264.97
"2023-07-27 00:00:00",263.95
"2023-07-28 00:00:00",264.68
"2023-07-31 00:00:00",264
"2023-08-01 00:00:00",263
"2023-08-02 00:00:00",262
"2023-08-03 00:00:00",250.51
"2023-08-04 00:00:00",247.5
"2023-08-07 00:00:00",247.45
"2023-08-08 00:00:00",249.9
"2023-08-09 00:00:00",250.15
"2023-08-10 00:00:00",250.36
"2023-08-11 00:00:00",250
"2023-08-14 00:00:00",249.1
"2023-08-16 00:00:00",251
"2023-08-17 00:00:00",250.95
"2023-08-18 00:00:00",258.75
"2023-08-21 00:00:00",245
"2023-08-22 00:00:00",250
"2023-08-23 00:00:00",248.14
"2023-08-24 00:00:00",248
"2023-08-25 00:00:00",247.7
"2023-08-28 00:00:00",247.81
"2023-08-29 00:00:00",248.88
"2023-08-30 00:00:00",247.41
"2023-08-31 00:00:00",247.5
"2023-09-01 00:00:00",247.12
"2023-09-04 00:00:00",247.1
"2023-09-05 00:00:00",247.98
"2023-09-06 00:00:00",247.5
"2023-09-07 00:00:00",245
"2023-09-08 00:00:00",245.5
"2023-09-11 00:00:00",246.5
"2023-09-12 00:00:00",245.13
"2023-09-13 00:00:00",244.21
"2023-09-14 00:00:00",243.15
"2023-09-15 00:00:00",238.6
"2023-09-18 00:00:00",244.6
"2023-09-20 00:00:00",238.5
"2023-09-21 00:00:00",237.6
"2023-09-22 00:00:00",244.2
"2023-09-25 00:00:00",241
"2023-09-26 00:00:00",241.5
"2023-09-27 00:00:00",242
"2023-09-28 00:00:00",241.13
"2023-09-29 00:00:00",239.7
"2023-10-03 00:00:00",239.9
"2023-10-04 00:00:00",239.9
"2023-10-05 00:00:00",239.5
"2023-10-06 00:00:00",239.1
"2023-10-09 00:00:00",238.99
"2023-10-10 00:00:00",239.5
"2023-10-11 00:00:00",239
"2023-10-12 00:00:00",238.5
"2023-10-13 00:00:00",242
"2023-10-16 00:00:00",241.52
"2023-10-17 00:00:00",243
"2023-10-18 00:00:00",241.55
"2023-10-19 00:00:00",239.7
"2023-10-20 00:00:00",239.99
"2023-10-23 00:00:00",239.02
"2023-10-25 00:00:00",239.65
"2023-10-26 00:00:00",237.5
"2023-10-27 00:00:00",240.72
"2023-10-30 00:00:00",238.76
"2023-10-31 00:00:00",243.49
"2023-11-01 00:00:00",242.88
"2023-11-02 00:00:00",242.8
"2023-11-03 00:00:00",242.5
"2023-11-06 00:00:00",244.51
"2023-11-07 00:00:00",242.1
"2023-11-08 00:00:00",246.1
"2023-11-09 00:00:00",248
"2023-11-10 00:00:00",249
"2023-11-12 00:00:00",248.5
"2023-11-13 00:00:00",241.81
"2023-11-15 00:00:00",242.9
"2023-11-16 00:00:00",240.35
"2023-11-17 00:00:00",243.45
"2023-11-20 00:00:00",243.85
"2023-11-21 00:00:00",243.67
"2023-11-22 00:00:00",240
"2023-11-23 00:00:00",238.04
"2023-11-24 00:00:00",239.3
"2023-11-28 00:00:00",240.35
"2023-11-29 00:00:00",239.56
"2023-11-30 00:00:00",239.1
"2023-12-01 00:00:00",241
"2023-12-04 00:00:00",238.6
"2023-12-05 00:00:00",236.95
"2023-12-06 00:00:00",235.85
"2023-12-07 00:00:00",245.8
"2023-12-08 00:00:00",261.8
"2023-12-11 00:00:00",256.88
"2023-12-12 00:00:00",246.55
"2023-12-13 00:00:00",251.3
"2023-12-14 00:00:00",252.1
"2023-12-15 00:00:00",252.05
"2023-12-18 00:00:00",251.6
"2023-12-19 00:00:00",250.26
"2023-12-20 00:00:00",247.53
"2023-12-21 00:00:00",246.15
"2023-12-22 00:00:00",242.1
"2023-12-26 00:00:00",243
"2023-12-27 00:00:00",242.18
"2023-12-28 00:00:00",236.29
"2023-12-29 00:00:00",233.99
"2024-01-01 00:00:00",239.31
"2024-01-02 00:00:00",241.53
"2024-01-03 00:00:00",242.53
"2024-01-04 00:00:00",244.34
"2024-01-05 00:00:00",245.15
"2024-01-08 00:00:00",245.25
"2024-01-09 00:00:00",244.7
"2024-01-10 00:00:00",246.02
"2024-01-11 00:00:00",250
"2024-01-12 00:00:00",252
"2024-01-15 00:00:00",250.49
"2024-01-16 00:00:00",253.02
"2024-01-17 00:00:00",254.46
"2024-01-18 00:00:00",250.7
"2024-01-19 00:00:00",250.41
"2024-01-20 00:00:00",250
"2024-01-23 00:00:00",246.11
"2024-01-24 00:00:00",249.32
"2024-01-25 00:00:00",250
"2024-01-29 00:00:00",246.75
"2024-01-30 00:00:00",246.62
"2024-01-31 00:00:00",253.93
"2024-02-01 00:00:00",250.75
"2024-02-02 00:00:00",250.57
"2024-02-05 00:00:00",248
"2024-02-06 00:00:00",252.86
"2024-02-07 00:00:00",253.5
"2024-02-08 00:00:00",252.5
"2024-02-09 00:00:00",253.1
"2024-02-12 00:00:00",252
"2024-02-13 00:00:00",253.6
"2024-02-14 00:00:00",255.25
"2024-02-15 00:00:00",254.96
"2024-02-16 00:00:00",256.41
"2024-02-19 00:00:00",255.53
"2024-02-20 00:00:00",253
"2024-02-21 00:00:00",252.47
"2024-02-22 00:00:00",252.48
"2024-02-23 00:00:00",252.06
"2024-02-26 00:00:00",253.11
"2024-02-27 00:00:00",252.01
"2024-02-28 00:00:00",253.44
"2024-02-29 00:00:00",253.25
"2024-03-01 00:00:00",253.9
"2024-03-02 00:00:00",253.06
"2024-03-04 00:00:00",254
"2024-03-05 00:00:00",253.49
"2024-03-06 00:00:00",252.8
"2024-03-07 00:00:00",251.96
"2024-03-11 00:00:00",251.99
"2024-03-12 00:00:00",250.1
"2024-03-13 00:00:00",244
"2024-03-14 00:00:00",243.9
"2024-03-15 00:00:00",247.5
"2024-03-18 00:00:00",248.01
"2024-03-19 00:00:00",250.15
"2024-03-20 00:00:00",251.25
"2024-03-21 00:00:00",252
"2024-03-22 00:00:00",251
"2024-03-26 00:00:00",250.15
"2024-03-27 00:00:00",250.5
"2024-03-28 00:00:00",253.25
"2024-04-01 00:00:00",259.55
"2024-04-02 00:00:00",262
"2024-04-03 00:00:00",262
"2024-04-04 00:00:00",262
"2024-04-05 00:00:00",260.51
"2024-04-08 00:00:00",259
"2024-04-09 00:00:00",257.68
"2024-04-10 00:00:00",258.25
"2024-04-12 00:00:00",257
"2024-04-15 00:00:00",253.15
"2024-04-16 00:00:00",253.4
"2024-04-18 00:00:00",254.69
"2024-04-19 00:00:00",255
"2024-04-22 00:00:00",254.57
"2024-04-23 00:00:00",253.95
"2024-04-24 00:00:00",254.5
"2024-04-25 00:00:00",254.26
"2024-04-26 00:00:00",254.5
"2024-04-29 00:00:00",252.8
"2024-04-30 00:00:00",252.56
"2024-05-02 00:00:00",252.35
"2024-05-03 00:00:00",254.4
"2024-05-06 00:00:00",253.45
"2024-05-07 00:00:00",253.26
"2024-05-08 00:00:00",252.51
"2024-05-09 00:00:00",252.21
"2024-05-10 00:00:00",253
"2024-05-13 00:00:00",252.16
"2024-05-14 00:00:00",254
"2024-05-15 00:00:00",255.03
"2024-05-16 00:00:00",257.55
"2024-05-17 00:00:00",257.89
"2024-05-18 00:00:00",257.5
"2024-05-21 00:00:00",258.47
"2024-05-22 00:00:00",259.38
"2024-05-23 00:00:00",258.75
"2024-05-24 00:00:00",260.2
"2024-05-27 00:00:00",258
"2024-05-28 00:00:00",258.5
"2024-05-29 00:00:00",258.7
"2024-05-30 00:00:00",259.49
"2024-05-31 00:00:00",260
"2024-06-03 00:00:00",259.5
"2024-06-04 00:00:00",252
"2024-06-05 00:00:00",253.75
"2024-06-06 00:00:00",258
"2024-06-07 00:00:00",260.5
"2024-06-10 00:00:00",258.65
"2024-06-11 00:00:00",260.1
"2024-06-12 00:00:00",261.54
"2024-06-13 00:00:00",266.53
"2024-06-14 00:00:00",265.46
"2024-06-18 00:00:00",266.26
"2024-06-19 00:00:00",267.01
"2024-06-20 00:00:00",267.15
"2024-06-21 00:00:00",268.29
"2024-06-24 00:00:00",263
"2024-06-25 00:00:00",267.5
"2024-06-26 00:00:00",263.15
"2024-06-27 00:00:00",262.98
"2024-06-28 00:00:00",265.98
"2024-07-01 00:00:00",268
"2024-07-02 00:00:00",265.36
"2024-07-03 00:00:00",268.9
"2024-07-04 00:00:00",269.25
"2024-07-05 00:00:00",267.25
"2024-07-08 00:00:00",266.95
"2024-07-09 00:00:00",266.99
"2024-07-10 00:00:00",266.7
"2024-07-11 00:00:00",265.61
"2024-07-12 00:00:00",266.88
"2024-07-15 00:00:00",266.06
"2024-07-16 00:00:00",268.04
"2024-07-18 00:00:00",270
"2024-07-19 00:00:00",269
"2024-07-22 00:00:00",260
"2024-07-23 00:00:00",263.31
"2024-07-24 00:00:00",267.9
"2024-07-25 00:00:00",268.26
"2024-07-26 00:00:00",270.5
"2024-07-29 00:00:00",269.1
"2024-07-30 00:00:00",270
"2024-07-31 00:00:00",268.95
"2024-08-01 00:00:00",269.98
"2024-08-02 00:00:00",271
"2024-08-05 00:00:00",269
"2024-08-06 00:00:00",268.01
"2024-08-07 00:00:00",269
"2024-08-08 00:00:00",268.65
"2024-08-09 00:00:00",270
"2024-08-12 00:00:00",270
"2024-08-13 00:00:00",269.92
"2024-08-14 00:00:00",269.4
"2024-08-16 00:00:00",267.7
"2024-08-19 00:00:00",268
"2024-08-20 00:00:00",265.95
"2024-08-21 00:00:00",266.9
"2024-08-22 00:00:00",266.5
"2024-08-23 00:00:00",267.55
"2024-08-26 00:00:00",266.7
"2024-08-27 00:00:00",266.68
"2024-08-28 00:00:00",268
"2024-08-29 00:00:00",268
"2024-08-30 00:00:00",266.65
"2024-09-02 00:00:00",265.01
"2024-09-03 00:00:00",266.05
"2024-09-04 00:00:00",269.05
"2024-09-05 00:00:00",267.52
"2024-09-06 00:00:00",268.47
"2024-09-09 00:00:00",269.95
"2024-09-10 00:00:00",273.05
"2024-09-11 00:00:00",274.5
"2024-09-12 00:00:00",279.96
"2024-09-13 00:00:00",281.5
"2024-09-16 00:00:00",280.32
"2024-09-17 00:00:00",284
"2024-09-18 00:00:00",281
"2024-09-19 00:00:00",283
"2024-09-20 00:00:00",277.6
"2024-09-23 00:00:00",279.77
"2024-09-24 00:00:00",281.3
"2024-09-25 00:00:00",282.45
"2024-09-26 00:00:00",282.9
"2024-09-27 00:00:00",284.9
"2024-09-30 00:00:00",284.38
"2024-10-01 00:00:00",286.55
"2024-10-03 00:00:00",285.5
"2024-10-04 00:00:00",287.1
"2024-10-07 00:00:00",286
"2024-10-08 00:00:00",288.4
"2024-10-09 00:00:00",289.3
"2024-10-10 00:00:00",289
"2024-10-11 00:00:00",292
"2024-10-14 00:00:00",290.4
"2024-10-15 00:00:00",292.25
"2024-10-16 00:00:00",292
"2024-10-17 00:00:00",291.5
"2024-10-18 00:00:00",291.56
"2024-10-21 00:00:00",293
"2024-10-22 00:00:00",293.9
"2024-10-23 00:00:00",294.35
"2024-10-24 00:00:00",293.5
"2024-10-25 00:00:00",292
"2024-10-28 00:00:00",292.3
"2024-10-29 00:00:00",298.32
"2024-10-30 00:00:00",297
"2024-10-31 00:00:00",291.96
"2024-11-01 00:00:00",296.8
"2024-11-04 00:00:00",293.9
"2024-11-05 00:00:00",294
"2024-11-06 00:00:00",292.2
"2024-11-07 00:00:00",294
"2024-11-08 00:00:00",282.61
"2024-11-11 00:00:00",287.9
"2024-11-12 00:00:00",290
"2024-11-13 00:00:00",283.4
"2024-11-14 00:00:00",286.25
"2024-11-18 00:00:00",284
"2024-11-19 00:00:00",282.15
"2024-11-21 00:00:00",279.15
"2024-11-22 00:00:00",274.98
"2024-11-25 00:00:00",296.3
"2024-11-26 00:00:00",291.95
"2024-11-27 00:00:00",288
"2024-11-28 00:00:00",288
"2024-11-29 00:00:00",290.8
"2024-12-02 00:00:00",288.2
"2024-12-03 00:00:00",284
"2024-12-04 00:00:00",280
"2024-12-05 00:00:00",284.45
"2024-12-06 00:00:00",286.7
"2024-12-09 00:00:00",290.49
"2024-12-10 00:00:00",287.68
"2024-12-11 00:00:00",276
"2024-12-12 00:00:00",283
"2024-12-13 00:00:00",282.62
"2024-12-16 00:00:00",278.47
"2024-12-17 00:00:00",276.97
"2024-12-18 00:00:00",275.65
"2024-12-19 00:00:00",276.86
"2024-12-20 00:00:00",276
"2024-12-23 00:00:00",273.96
"2024-12-24 00:00:00",289.15
"2024-12-26 00:00:00",276.7
"2024-12-27 00:00:00",277.22
"2024-12-30 00:00:00",274.65
"2024-12-31 00:00:00",275.63
"2025-01-01 00:00:00",273.2
"2025-01-02 00:00:00",276.5
"2025-01-03 00:00:00",281
"2025-01-06 00:00:00",283.99
"2025-01-07 00:00:00",288.34
"2025-01-08 00:00:00",289
"2025-01-09 00:00:00",288
"2025-01-10 00:00:00",288.51
"2025-01-13 00:00:00",284.51
"2025-01-14 00:00:00",286.77
"2025-01-15 00:00:00",288
"2025-01-16 00:00:00",291
"2025-01-17 00:00:00",289
"2025-01-20 00:00:00",294
"2025-01-21 00:00:00",289
"2025-01-22 00:00:00",291.92
"2025-01-23 00:00:00",289.68
"2025-01-24 00:00:00",292.82
"2025-01-27 00:00:00",288.05
"2025-01-28 00:00:00",289.33
"2025-01-29 00:00:00",296
"2025-01-30 00:00:00",297
"2025-01-31 00:00:00",298.7
"2025-02-01 00:00:00",298.99
"2025-02-03 00:00:00",300.95
"2025-02-04 00:00:00",297.27
"2025-02-05 00:00:00",294.1
"2025-02-06 00:00:00",298.98
"2025-02-07 00:00:00",296
"2025-02-10 00:00:00",291.1
"2025-02-11 00:00:00",286.03
"2025-02-12 00:00:00",285.9
"2025-02-13 00:00:00",288.35
"2025-02-14 00:00:00",288.5
"2025-02-17 00:00:00",286
"2025-02-18 00:00:00",289
"2025-02-19 00:00:00",286
"2025-02-20 00:00:00",289.73
"2025-02-21 00:00:00",287.55
"2025-02-24 00:00:00",293.9
"2025-02-25 00:00:00",291.44
"2025-02-27 00:00:00",291.5
"2025-02-28 00:00:00",296.9
"2025-03-03 00:00:00",291.54
"2025-03-04 00:00:00",294.7
"2025-03-05 00:00:00",298.84
"2025-03-06 00:00:00",296
"2025-03-07 00:00:00",298.75
"2025-03-10 00:00:00",295.62
"2025-03-11 00:00:00",293.49
"2025-03-12 00:00:00",290.15
"2025-03-13 00:00:00",300
"2025-03-17 00:00:00",292.3
"2025-03-18 00:00:00",291.5
"2025-03-19 00:00:00",295
"2025-03-20 00:00:00",295.85
"2025-03-21 00:00:00",302
"2025-03-24 00:00:00",295.22
"2025-03-25 00:00:00",291.25
"2025-03-26 00:00:00",289.64
"2025-03-27 00:00:00",290
"2025-03-28 00:00:00",290
"2025-04-01 00:00:00",289.5
"2025-04-02 00:00:00",287.49
"2025-04-03 00:00:00",289.95
"2025-04-04 00:00:00",289.02
"2025-04-07 00:00:00",287.3
"2025-04-08 00:00:00",285.02
"2025-04-09 00:00:00",284.51
"2025-04-11 00:00:00",286.5
"2025-04-15 00:00:00",286.47
"2025-04-16 00:00:00",288.55
"2025-04-17 00:00:00",287.79
"2025-04-21 00:00:00",288
"2025-04-22 00:00:00",290.6
"2025-04-23 00:00:00",290.3
"2025-04-24 00:00:00",291
"2025-04-25 00:00:00",289.8
"2025-04-28 00:00:00",290
"2025-04-29 00:00:00",289.82
"2025-04-30 00:00:00",289
"2025-05-02 00:00:00",290
"2025-05-05 00:00:00",290
"2025-05-06 00:00:00",289.5
"2025-05-07 00:00:00",300
"2025-05-08 00:00:00",299.48
"2025-05-09 00:00:00",298.45
"2025-05-12 00:00:00",297.2
"2025-05-13 00:00:00",295.95
"2025-05-14 00:00:00",294.86
"2025-05-15 00:00:00",295.85
"2025-05-16 00:00:00",297.9
"2025-05-19 00:00:00",297.99
"2025-05-20 00:00:00",297.99
"2025-05-21 00:00:00",298
"2025-05-22 00:00:00",299
"2025-05-23 00:00:00",297
"2025-05-26 00:00:00",299
"2025-05-27 00:00:00",300
"2025-05-28 00:00:00",302.65
"2025-05-29 00:00:00",305.91
"2025-05-30 00:00:00",305.8
"2025-06-02 00:00:00",303.98
"2025-06-03 00:00:00",305
"2025-06-04 00:00:00",305
"2025-06-05 00:00:00",305
"2025-06-06 00:00:00",304
"2025-06-09 00:00:00",307
"2025-06-10 00:00:00",306
"2025-06-11 00:00:00",309.8
"2025-06-12 00:00:00",308
"2025-06-13 00:00:00",307
"2025-06-16 00:00:00",308
"2025-06-17 00:00:00",307.34
"2025-06-18 00:00:00",307
"2025-06-19 00:00:00",307.01
"2025-06-20 00:00:00",308
"2025-06-23 00:00:00",309
"2025-06-24 00:00:00",310.95
"2025-06-25 00:00:00",311.12
"2025-06-26 00:00:00",310.31
"2025-06-27 00:00:00",312
"2025-06-30 00:00:00",314.95
"2025-07-01 00:00:00",312.5
"2025-07-02 00:00:00",310.5
"2025-07-03 00:00:00",309.49
"2025-07-04 00:00:00",308.88
"2025-07-07 00:00:00",310
"2025-07-08 00:00:00",308.55
"2025-07-09 00:00:00",308.02
"2025-07-10 00:00:00",309.49
"2025-07-11 00:00:00",308.9
"2025-07-14 00:00:00",307.27
"2025-07-15 00:00:00",308
"2025-07-16 00:00:00",307
"2025-07-17 00:00:00",309.5
"2025-07-18 00:00:00",307.94
"2025-07-21 00:00:00",309.66
"2025-07-22 00:00:00",312
"2025-07-23 00:00:00",311.95
"2025-07-24 00:00:00",314.3
"2025-07-25 00:00:00",315
"2025-07-28 00:00:00",317.25
"2025-07-29 00:00:00",316.3
"2025-07-30 00:00:00",316.5
"2025-07-31 00:00:00",314.55
"2025-08-01 00:00:00",317.87
"2025-08-04 00:00:00",315.91
"2025-08-05 00:00:00",319.9
"2025-08-06 00:00:00",318
"2025-08-07 00:00:00",320.1
"2025-08-08 00:00:00",313.95
"2025-08-11 00:00:00",314
"2025-08-12 00:00:00",313.99
"2025-08-13 00:00:00",316
"2025-08-14 00:00:00",314.48
"2025-08-18 00:00:00",317
"2025-08-19 00:00:00",319
"2025-08-20 00:00:00",321.66
"2025-08-21 00:00:00",321.2
"2025-08-22 00:00:00",323
"2025-08-25 00:00:00",316.01
"2025-08-26 00:00:00",316.92
"2025-08-28 00:00:00",316.1
"2025-08-29 00:00:00",319.35
"2025-09-01 00:00:00",318.45
"2025-09-02 00:00:00",317.45
"2025-09-03 00:00:00",318.2
"2025-09-04 00:00:00",320.5
"2025-09-05 00:00:00",319.01
"2025-09-08 00:00:00",317.95
"2025-09-09 00:00:00",319.9
"2025-09-10 00:00:00",319.95
"2025-09-11 00:00:00",320
"2025-09-12 00:00:00",319.8
"2025-09-15 00:00:00",334.99
"2025-09-16 00:00:00",334
"2025-09-17 00:00:00",328.94
"2025-09-18 00:00:00",328.47
"2025-09-19 00:00:00",328.99
"2025-09-22 00:00:00",329.5
"2025-09-23 00:00:00",328.14
"2025-09-24 00:00:00",330
"2025-09-25 00:00:00",331.6
"2025-09-26 00:00:00",341
"2025-09-29 00:00:00",344.4
"2025-09-30 00:00:00",344
"2025-10-01 00:00:00",349.5
"2025-10-03 00:00:00",346.9
"2025-10-06 00:00:00",347
"2025-10-07 00:00:00",344.9
"2025-10-08 00:00:00",344.96
"2025-10-09 00:00:00",344.76
"2025-10-10 00:00:00",343.6
"2025-10-13 00:00:00",343
"2025-10-14 00:00:00",340.4
"2025-10-15 00:00:00",341
"2025-10-16 00:00:00",342.5
"2025-10-17 00:00:00",342.46
"2025-10-20 00:00:00",349.4
"2025-10-21 00:00:00",352.95
"2025-10-23 00:00:00",340
"2025-10-24 00:00:00",341.75
"2025-10-27 00:00:00",344
"2025-10-28 00:00:00",344
"2025-10-29 00:00:00",343.79
"2025-10-30 00:00:00",343.42
"2025-10-31 00:00:00",343.15
"2025-11-03 00:00:00",343.75
"2025-11-04 00:00:00",341.99
"2025-11-06 00:00:00",343.51
"2025-11-07 00:00:00",338.2
"2025-11-10 00:00:00",340
"2025-11-11 00:00:00",339.69
"2025-11-12 00:00:00",338.88
"2025-11-13 00:00:00",338.62
"2025-11-14 00:00:00",337.97
"2025-11-17 00:00:00",334.99
"2025-11-18 00:00:00",329.92
"2025-11-19 00:00:00",329
"2025-11-20 00:00:00",329.21
"2025-11-21 00:00:00",326.9
"2025-11-24 00:00:00",315.99
"2025-11-25 00:00:00",323.99
"2025-11-26 00:00:00",329.37
"2025-11-27 00:00:00",329.7
"2025-11-28 00:00:00",334
"2025-12-01 00:00:00",333
"2025-12-02 00:00:00",332
"2025-12-03 00:00:00",333.98
"2025-12-04 00:00:00",331
"2025-12-05 00:00:00",335
"2025-12-08 00:00:00",332.5
"2025-12-09 00:00:00",335
"2025-12-10 00:00:00",335.49
"2025-12-11 00:00:00",333.15
"2025-12-12 00:00:00",337.05
"2025-12-15 00:00:00",328.01
"2025-12-16 00:00:00",329.8
"2025-12-17 00:00:00",330.5
"2025-12-18 00:00:00",334.5
"2025-12-19 00:00:00",332
"2025-12-22 00:00:00",331.61
"2025-12-23 00:00:00",331.7
"2025-12-24 00:00:00",332.01
"2025-12-26 00:00:00",334
"2025-12-29 00:00:00",335
"2025-12-30 00:00:00",333.5
"2025-12-31 00:00:00",331.9
"2026-01-01 00:00:00",333.07
"2026-01-02 00:00:00",333.67
"2026-01-05 00:00:00",338.91
"2026-01-06 00:00:00",334.05
"2026-01-07 00:00:00",339.81
"2026-01-08 00:00:00",339
"2026-01-09 00:00:00",338.9
"2026-01-12 00:00:00",340
"2026-01-13 00:00:00",341.5
"2026-01-14 00:00:00",346.49
"2026-01-16 00:00:00",346
"2026-01-19 00:00:00",345.99
"2026-01-20 00:00:00",344.37
"2026-01-21 00:00:00",343.99
"2026-01-22 00:00:00",342.97
"2026-01-23 00:00:00",346.49
"2026-01-27 00:00:00",340.88
"2026-01-28 00:00:00",341.06
"2026-01-29 00:00:00",347.89
"2026-01-30 00:00:00",353.42
"2026-02-01 00:00:00",360
"2026-02-02 00:00:00",363.5
"2026-02-03 00:00:00",350.4
"2026-02-04 00:00:00",348.7
"2026-02-05 00:00:00",352.5
"2026-02-06 00:00:00",353.81
"2026-02-09 00:00:00",362.21
"2026-02-10 00:00:00",362
"2026-02-11 00:00:00",367
"2026-02-12 00:00:00",364.97
"2026-02-13 00:00:00",352.9
"2026-02-16 00:00:00",353.8
"2026-02-17 00:00:00",357.3
"2026-02-18 00:00:00",351.6
"2026-02-19 00:00:00",356.75
"2026-02-20 00:00:00",352.51
"2026-02-23 00:00:00",352.59
"2026-02-24 00:00:00",352.4
"2026-02-25 00:00:00",351.1
"2026-02-26 00:00:00",358.58
"2026-02-27 00:00:00",362.4
"2026-03-02 00:00:00",358.01
"2026-03-04 00:00:00",348.05
"2026-03-05 00:00:00",345.99
"2026-03-06 00:00:00",344.64
"2026-03-09 00:00:00",342.2
"2026-03-10 00:00:00",341.64
"2026-03-11 00:00:00",341
"2026-03-12 00:00:00",340.5
"2026-03-13 00:00:00",337.95
"2026-03-16 00:00:00",336
"2026-03-17 00:00:00",332.21
"2026-03-18 00:00:00",330.55
"2026-03-19 00:00:00",328.95
"2026-03-20 00:00:00",325.9
"2026-03-23 00:00:00",320.94
"2026-03-24 00:00:00",328.31
"2026-03-25 00:00:00",329.11
"2026-03-27 00:00:00",328.6
"2026-03-30 00:00:00",320.31
"2026-04-01 00:00:00",320
"2026-04-02 00:00:00",320.1
"2026-04-06 00:00:00",318.59
"2026-04-07 00:00:00",325.88
"2026-04-08 00:00:00",334.85
"2026-04-09 00:00:00",337.99
"2026-04-10 00:00:00",334
"2026-04-13 00:00:00",331.8
"2026-04-15 00:00:00",326.95
"2026-04-16 00:00:00",329.55
"2026-04-17 00:00:00",330
"2026-04-20 00:00:00",328
"2026-04-21 00:00:00",329.25
"2026-04-22 00:00:00",329.99
"2026-04-23 00:00:00",323.6
"2026-04-24 00:00:00",322.01
"2026-04-27 00:00:00",321.24
"2026-04-28 00:00:00",325.95
"2026-04-29 00:00:00",324.5
"2026-04-30 00:00:00",325.74
"2026-05-04 00:00:00",326.6
"2026-05-05 00:00:00",317.4
"2026-05-06 00:00:00",320.75
"2026-05-07 00:00:00",325.99
"2026-05-08 00:00:00",326.5
"2026-05-11 00:00:00",325.55
"2026-05-12 00:00:00",325.4
"2026-05-13 00:00:00",326.89
"2026-05-14 00:00:00",321.8
"2026-05-15 00:00:00",321
"2026-05-18 00:00:00",321.85
"2026-05-19 00:00:00",321
"2026-05-20 00:00:00",320
"2026-05-21 00:00:00",320.33
"2026-05-22 00:00:00",320
"2026-05-25 00:00:00",319.9
"2026-05-26 00:00:00",319.87
"2026-05-27 00:00:00",319.69
"2026-05-29 00:00:00",318.02
"2026-06-01 00:00:00",320.01
"2026-06-02 00:00:00",319.7
"2026-06-03 00:00:00",320.05
"2026-06-04 00:00:00",320.49
"2026-06-05 00:00:00",319.5
"2026-06-08 00:00:00",318.7
"2026-06-09 00:00:00",319.5
"2026-06-10 00:00:00",319.2
"2026-06-11 00:00:00",319.45
"2026-06-12 00:00:00",319.56
"2026-06-15 00:00:00",319.5
"2026-06-16 00:00:00",318.8
"2026-06-17 00:00:00",319.5
"2026-06-18 00:00:00",320
"2026-06-19 00:00:00",322.6
"2026-06-22 00:00:00",322.14
"2026-06-23 00:00:00",321.93
"2026-06-24 00:00:00",322.05
"2026-06-25 00:00:00",323.21
"2026-06-29 00:00:00",324
"2026-06-30 00:00:00",329.93
"2026-07-01 00:00:00",333.85
"2026-07-02 00:00:00",336.6
"2026-07-03 00:00:00",336.5
"2026-07-06 00:00:00",339.5
"2026-07-07 00:00:00",339.99
"2026-07-08 00:00:00",337.81
"2026-07-09 00:00:00",336.7
"2026-07-10 00:00:00",337.11
"2026-07-13 00:00:00",340
"2026-07-14 00:00:00",340
"2026-07-15 00:00:00",340.2