"DateTime","EMBASSYRRN"
"2019-04-01 00:00:00",314
"2019-04-02 00:00:00",313.15
"2019-04-03 00:00:00",322.9
"2019-04-04 00:00:00",331
"2019-04-05 00:00:00",328
"2019-04-08 00:00:00",323
"2019-04-09 00:00:00",328
"2019-04-10 00:00:00",328
"2019-04-11 00:00:00",329
"2019-04-12 00:00:00",337
"2019-04-15 00:00:00",339
"2019-04-16 00:00:00",338
"2019-04-18 00:00:00",339.9
"2019-04-22 00:00:00",333.7
"2019-04-23 00:00:00",330
"2019-04-24 00:00:00",330
"2019-04-25 00:00:00",332
"2019-04-26 00:00:00",327
"2019-04-30 00:00:00",320.55
"2019-05-02 00:00:00",321.49
"2019-05-03 00:00:00",323
"2019-05-06 00:00:00",325
"2019-05-07 00:00:00",331.03
"2019-05-08 00:00:00",337.25
"2019-05-09 00:00:00",334.25
"2019-05-10 00:00:00",333
"2019-05-13 00:00:00",332
"2019-05-14 00:00:00",338.48
"2019-05-15 00:00:00",342.8
"2019-05-16 00:00:00",341
"2019-05-17 00:00:00",340.35
"2019-05-20 00:00:00",341
"2019-05-21 00:00:00",348
"2019-05-22 00:00:00",347
"2019-05-23 00:00:00",350
"2019-05-24 00:00:00",348
"2019-05-27 00:00:00",346.5
"2019-05-28 00:00:00",347.25
"2019-05-29 00:00:00",348.01
"2019-05-30 00:00:00",353
"2019-05-31 00:00:00",354
"2019-06-03 00:00:00",353.01
"2019-06-04 00:00:00",357.99
"2019-06-06 00:00:00",354
"2019-06-07 00:00:00",349
"2019-06-10 00:00:00",357
"2019-06-11 00:00:00",364.2
"2019-06-12 00:00:00",357.1
"2019-06-13 00:00:00",357
"2019-06-14 00:00:00",357.99
"2019-06-17 00:00:00",362.02
"2019-06-18 00:00:00",362.98
"2019-06-19 00:00:00",366.5
"2019-06-20 00:00:00",373
"2019-06-21 00:00:00",375.7
"2019-06-24 00:00:00",370.2
"2019-06-25 00:00:00",370
"2019-06-26 00:00:00",368.32
"2019-06-27 00:00:00",369.55
"2019-06-28 00:00:00",367
"2019-07-01 00:00:00",366.45
"2019-07-02 00:00:00",367.21
"2019-07-03 00:00:00",375
"2019-07-04 00:00:00",379.6
"2019-07-05 00:00:00",375.3
"2019-07-08 00:00:00",373
"2019-07-09 00:00:00",374.45
"2019-07-10 00:00:00",378.5
"2019-07-11 00:00:00",372.65
"2019-07-12 00:00:00",375.01
"2019-07-15 00:00:00",375
"2019-07-16 00:00:00",382
"2019-07-17 00:00:00",383.89
"2019-07-18 00:00:00",381
"2019-07-19 00:00:00",371.55
"2019-07-22 00:00:00",380
"2019-07-23 00:00:00",373.9
"2019-07-24 00:00:00",377
"2019-07-25 00:00:00",375
"2019-07-26 00:00:00",374.75
"2019-07-29 00:00:00",371.99
"2019-07-30 00:00:00",367
"2019-07-31 00:00:00",373
"2019-08-01 00:00:00",365.4
"2019-08-02 00:00:00",365.02
"2019-08-05 00:00:00",375
"2019-08-06 00:00:00",368.94
"2019-08-07 00:00:00",361.49
"2019-08-08 00:00:00",358.5
"2019-08-09 00:00:00",358
"2019-08-13 00:00:00",376
"2019-08-14 00:00:00",375
"2019-08-16 00:00:00",378
"2019-08-19 00:00:00",375
"2019-08-20 00:00:00",378.25
"2019-08-21 00:00:00",377.99
"2019-08-22 00:00:00",379.5
"2019-08-23 00:00:00",379.75
"2019-08-26 00:00:00",390
"2019-08-27 00:00:00",387
"2019-08-28 00:00:00",379.99
"2019-08-29 00:00:00",381
"2019-08-30 00:00:00",392
"2019-09-03 00:00:00",390.5
"2019-09-04 00:00:00",390.55
"2019-09-05 00:00:00",401
"2019-09-06 00:00:00",408.5
"2019-09-09 00:00:00",408.99
"2019-09-11 00:00:00",401.75
"2019-09-12 00:00:00",401.61
"2019-09-13 00:00:00",404
"2019-09-16 00:00:00",400.04
"2019-09-17 00:00:00",395
"2019-09-18 00:00:00",399
"2019-09-19 00:00:00",396.5
"2019-09-20 00:00:00",384.03
"2019-09-23 00:00:00",388.68
"2019-09-24 00:00:00",393.99
"2019-09-25 00:00:00",393
"2019-09-26 00:00:00",392.25
"2019-09-27 00:00:00",393
"2019-09-30 00:00:00",402.11
"2019-10-01 00:00:00",398
"2019-10-03 00:00:00",406.01
"2019-10-04 00:00:00",419.2
"2019-10-07 00:00:00",430
"2019-10-09 00:00:00",413
"2019-10-10 00:00:00",417.8
"2019-10-11 00:00:00",425.7
"2019-10-14 00:00:00",424.23
"2019-10-15 00:00:00",425
"2019-10-16 00:00:00",422.88
"2019-10-17 00:00:00",419
"2019-10-18 00:00:00",412
"2019-10-22 00:00:00",410.99
"2019-10-23 00:00:00",432.85
"2019-10-24 00:00:00",407.4
"2019-10-25 00:00:00",412.1
"2019-10-27 00:00:00",409.51
"2019-10-29 00:00:00",417.99
"2019-10-30 00:00:00",412.35
"2019-10-31 00:00:00",412.1
"2019-11-01 00:00:00",420
"2019-11-04 00:00:00",411.6
"2019-11-05 00:00:00",403
"2019-11-06 00:00:00",404
"2019-11-07 00:00:00",401.8
"2019-11-08 00:00:00",391.95
"2019-11-11 00:00:00",399.59
"2019-11-13 00:00:00",410.99
"2019-11-14 00:00:00",418.5
"2019-11-15 00:00:00",420
"2019-11-18 00:00:00",417
"2019-11-19 00:00:00",425
"2019-11-20 00:00:00",424
"2019-11-21 00:00:00",430
"2019-11-22 00:00:00",430.1
"2019-11-25 00:00:00",440.2
"2019-11-26 00:00:00",445
"2019-11-27 00:00:00",437
"2019-11-28 00:00:00",445.45
"2019-11-29 00:00:00",444.25
"2019-12-02 00:00:00",442.99
"2019-12-03 00:00:00",433.99
"2019-12-04 00:00:00",424
"2019-12-05 00:00:00",420.4
"2019-12-06 00:00:00",424
"2019-12-09 00:00:00",423
"2019-12-10 00:00:00",423.2
"2019-12-11 00:00:00",425
"2019-12-12 00:00:00",423.1
"2019-12-13 00:00:00",425.8
"2019-12-16 00:00:00",425.15
"2019-12-17 00:00:00",426.85
"2019-12-18 00:00:00",424.99
"2019-12-19 00:00:00",422.25
"2019-12-20 00:00:00",417
"2019-12-23 00:00:00",425
"2019-12-24 00:00:00",421
"2019-12-26 00:00:00",423.7
"2019-12-27 00:00:00",425
"2019-12-30 00:00:00",418
"2019-12-31 00:00:00",427.85
"2020-01-01 00:00:00",427
"2020-01-02 00:00:00",421.49
"2020-01-03 00:00:00",424.99
"2020-01-06 00:00:00",420.3
"2020-01-07 00:00:00",419.7
"2020-01-08 00:00:00",418.55
"2020-01-09 00:00:00",419.9
"2020-01-10 00:00:00",417
"2020-01-13 00:00:00",415.01
"2020-01-14 00:00:00",401.5
"2020-01-15 00:00:00",390.5
"2020-01-16 00:00:00",382.1
"2020-01-17 00:00:00",410.5
"2020-01-20 00:00:00",410.85
"2020-01-21 00:00:00",410.01
"2020-01-22 00:00:00",418
"2020-01-23 00:00:00",420.45
"2020-01-24 00:00:00",424.49
"2020-01-27 00:00:00",416.95
"2020-01-28 00:00:00",420
"2020-01-29 00:00:00",418
"2020-01-30 00:00:00",415.1
"2020-01-31 00:00:00",413.55
"2020-02-01 00:00:00",402
"2020-02-03 00:00:00",401.8
"2020-02-04 00:00:00",409.5
"2020-02-05 00:00:00",408.4
"2020-02-06 00:00:00",428.8
"2020-02-07 00:00:00",425
"2020-02-10 00:00:00",424.44
"2020-02-11 00:00:00",432.4
"2020-02-12 00:00:00",435.7
"2020-02-13 00:00:00",448.85
"2020-02-14 00:00:00",449.8
"2020-02-17 00:00:00",448.3
"2020-02-18 00:00:00",444
"2020-02-19 00:00:00",444.2
"2020-02-20 00:00:00",454.9
"2020-02-24 00:00:00",435.4
"2020-02-25 00:00:00",436.8
"2020-02-26 00:00:00",440.75
"2020-02-27 00:00:00",439.38
"2020-02-28 00:00:00",438
"2020-03-02 00:00:00",455.1
"2020-03-03 00:00:00",469
"2020-03-04 00:00:00",465.5
"2020-03-05 00:00:00",479.99
"2020-03-06 00:00:00",472.25
"2020-03-09 00:00:00",462.46
"2020-03-11 00:00:00",470
"2020-03-12 00:00:00",433.9
"2020-03-13 00:00:00",411.85
"2020-03-16 00:00:00",400
"2020-03-17 00:00:00",385
"2020-03-18 00:00:00",375
"2020-03-19 00:00:00",360
"2020-03-20 00:00:00",360
"2020-03-23 00:00:00",329
"2020-03-24 00:00:00",318
"2020-03-25 00:00:00",332.85
"2020-03-26 00:00:00",375.85
"2020-03-27 00:00:00",373
"2020-03-30 00:00:00",358
"2020-03-31 00:00:00",351.7
"2020-04-01 00:00:00",334
"2020-04-03 00:00:00",320.7
"2020-04-07 00:00:00",335.13
"2020-04-08 00:00:00",348.5
"2020-04-09 00:00:00",348
"2020-04-13 00:00:00",345.9
"2020-04-15 00:00:00",369.7
"2020-04-16 00:00:00",365
"2020-04-17 00:00:00",362.5
"2020-04-20 00:00:00",380.99
"2020-04-21 00:00:00",369.8
"2020-04-22 00:00:00",370
"2020-04-23 00:00:00",370
"2020-04-24 00:00:00",370.02
"2020-04-27 00:00:00",366.48
"2020-04-28 00:00:00",373.44
"2020-04-29 00:00:00",374.2
"2020-04-30 00:00:00",371.65
"2020-05-04 00:00:00",360.55
"2020-05-05 00:00:00",354.35
"2020-05-06 00:00:00",349.55
"2020-05-07 00:00:00",344.05
"2020-05-08 00:00:00",348.04
"2020-05-11 00:00:00",346.55
"2020-05-12 00:00:00",350
"2020-05-13 00:00:00",347.5
"2020-05-14 00:00:00",343.8
"2020-05-15 00:00:00",344.06
"2020-05-18 00:00:00",340.1
"2020-05-19 00:00:00",342.49
"2020-05-20 00:00:00",325.5
"2020-05-21 00:00:00",332.05
"2020-05-22 00:00:00",345.85
"2020-05-26 00:00:00",336.1
"2020-05-27 00:00:00",346
"2020-05-28 00:00:00",332.95
"2020-05-29 00:00:00",332.39
"2020-06-01 00:00:00",335.12
"2020-06-02 00:00:00",345
"2020-06-03 00:00:00",356
"2020-06-04 00:00:00",368.5
"2020-06-05 00:00:00",361
"2020-06-08 00:00:00",354
"2020-06-09 00:00:00",373
"2020-06-10 00:00:00",375
"2020-06-11 00:00:00",369.85
"2020-06-12 00:00:00",364
"2020-06-15 00:00:00",371.1
"2020-06-16 00:00:00",371.1
"2020-06-17 00:00:00",393
"2020-06-18 00:00:00",392.5
"2020-06-19 00:00:00",383.25
"2020-06-22 00:00:00",376.49
"2020-06-23 00:00:00",363.15
"2020-06-24 00:00:00",356.99
"2020-06-25 00:00:00",356.5
"2020-06-26 00:00:00",349.95
"2020-06-29 00:00:00",343
"2020-06-30 00:00:00",342
"2020-07-01 00:00:00",345
"2020-07-02 00:00:00",344
"2020-07-03 00:00:00",343.5
"2020-07-06 00:00:00",341.14
"2020-07-07 00:00:00",340.5
"2020-07-08 00:00:00",339.85
"2020-07-09 00:00:00",340
"2020-07-10 00:00:00",340.13
"2020-07-13 00:00:00",338.5
"2020-07-14 00:00:00",335.15
"2020-07-15 00:00:00",337
"2020-07-16 00:00:00",341
"2020-07-17 00:00:00",345
"2020-07-20 00:00:00",343.35
"2020-07-21 00:00:00",349.7
"2020-07-22 00:00:00",360.05
"2020-07-23 00:00:00",363.79
"2020-07-24 00:00:00",368.25
"2020-07-27 00:00:00",362
"2020-07-28 00:00:00",362.4
"2020-07-29 00:00:00",358
"2020-07-30 00:00:00",360.9
"2020-07-31 00:00:00",356.95
"2020-08-03 00:00:00",356.11
"2020-08-04 00:00:00",357.8
"2020-08-05 00:00:00",376.15
"2020-08-06 00:00:00",382.75
"2020-08-07 00:00:00",377.75
"2020-08-10 00:00:00",378.29
"2020-08-11 00:00:00",378
"2020-08-12 00:00:00",379
"2020-08-13 00:00:00",367.94
"2020-08-14 00:00:00",366.1
"2020-08-17 00:00:00",370.44
"2020-08-18 00:00:00",369.05
"2020-08-19 00:00:00",368.55
"2020-08-20 00:00:00",368
"2020-08-21 00:00:00",363.42
"2020-08-24 00:00:00",359.5
"2020-08-25 00:00:00",359.99
"2020-08-26 00:00:00",365
"2020-08-27 00:00:00",369.7
"2020-08-28 00:00:00",367.85
"2020-08-31 00:00:00",364.95
"2020-09-01 00:00:00",361.74
"2020-09-02 00:00:00",365
"2020-09-03 00:00:00",369.95
"2020-09-04 00:00:00",369.3
"2020-09-07 00:00:00",368.95
"2020-09-08 00:00:00",362.48
"2020-09-09 00:00:00",364.5
"2020-09-10 00:00:00",360.5
"2020-09-11 00:00:00",361.99
"2020-09-14 00:00:00",363
"2020-09-15 00:00:00",369
"2020-09-16 00:00:00",365
"2020-09-17 00:00:00",368
"2020-09-18 00:00:00",353.4
"2020-09-21 00:00:00",365.6
"2020-09-22 00:00:00",362.79
"2020-09-23 00:00:00",365
"2020-09-24 00:00:00",360
"2020-09-25 00:00:00",362
"2020-09-28 00:00:00",366.1
"2020-09-29 00:00:00",363
"2020-09-30 00:00:00",360.62
"2020-10-01 00:00:00",362.15
"2020-10-05 00:00:00",367.95
"2020-10-06 00:00:00",360.5
"2020-10-07 00:00:00",361
"2020-10-08 00:00:00",362.05
"2020-10-09 00:00:00",359.55
"2020-10-12 00:00:00",355
"2020-10-13 00:00:00",358.15
"2020-10-14 00:00:00",355.62
"2020-10-15 00:00:00",349.25
"2020-10-16 00:00:00",348.5
"2020-10-19 00:00:00",349.2
"2020-10-20 00:00:00",349.82
"2020-10-21 00:00:00",350
"2020-10-22 00:00:00",346
"2020-10-23 00:00:00",346.5
"2020-10-26 00:00:00",343.1
"2020-10-27 00:00:00",342
"2020-10-28 00:00:00",349.19
"2020-10-29 00:00:00",348.01
"2020-10-30 00:00:00",340.2
"2020-11-02 00:00:00",342.99
"2020-11-03 00:00:00",338.7
"2020-11-04 00:00:00",333
"2020-11-05 00:00:00",347.9
"2020-11-06 00:00:00",347.61
"2020-11-09 00:00:00",340
"2020-11-10 00:00:00",339.75
"2020-11-11 00:00:00",338
"2020-11-12 00:00:00",332.03
"2020-11-13 00:00:00",332.75
"2020-11-14 00:00:00",340.8
"2020-11-17 00:00:00",338
"2020-11-18 00:00:00",338.01
"2020-11-19 00:00:00",344
"2020-11-20 00:00:00",343
"2020-11-23 00:00:00",336.98
"2020-11-24 00:00:00",342
"2020-11-25 00:00:00",344
"2020-11-26 00:00:00",349.5
"2020-11-27 00:00:00",350
"2020-12-01 00:00:00",348.5
"2020-12-02 00:00:00",336
"2020-12-03 00:00:00",348.5
"2020-12-04 00:00:00",346.51
"2020-12-07 00:00:00",350.8
"2020-12-08 00:00:00",351
"2020-12-09 00:00:00",351.25
"2020-12-10 00:00:00",350.5
"2020-12-11 00:00:00",355.82
"2020-12-14 00:00:00",353.5
"2020-12-15 00:00:00",355
"2020-12-16 00:00:00",359.9
"2020-12-17 00:00:00",362
"2020-12-18 00:00:00",389
"2020-12-21 00:00:00",379.4
"2020-12-22 00:00:00",377
"2020-12-23 00:00:00",357.5
"2020-12-24 00:00:00",352.12
"2020-12-28 00:00:00",345.9
"2020-12-29 00:00:00",347.09
"2020-12-30 00:00:00",345.05
"2020-12-31 00:00:00",344.46
"2021-01-01 00:00:00",351.75
"2021-01-04 00:00:00",356.4
"2021-01-05 00:00:00",354
"2021-01-06 00:00:00",352.35
"2021-01-07 00:00:00",352.8
"2021-01-08 00:00:00",353.1
"2021-01-11 00:00:00",350.5
"2021-01-12 00:00:00",356.1
"2021-01-13 00:00:00",354.5
"2021-01-14 00:00:00",355.9
"2021-01-15 00:00:00",355
"2021-01-18 00:00:00",355.5
"2021-01-19 00:00:00",355.95
"2021-01-20 00:00:00",357
"2021-01-21 00:00:00",356
"2021-01-22 00:00:00",355.87
"2021-01-25 00:00:00",355.96
"2021-01-27 00:00:00",355.5
"2021-01-28 00:00:00",353.35
"2021-01-29 00:00:00",351.6
"2021-02-01 00:00:00",349.4
"2021-02-02 00:00:00",355.5
"2021-02-03 00:00:00",360
"2021-02-04 00:00:00",354.5
"2021-02-05 00:00:00",356.2
"2021-02-08 00:00:00",350
"2021-02-09 00:00:00",349.5
"2021-02-10 00:00:00",348.99
"2021-02-11 00:00:00",348
"2021-02-12 00:00:00",350.5
"2021-02-15 00:00:00",352.5
"2021-02-16 00:00:00",349.97
"2021-02-17 00:00:00",349
"2021-02-18 00:00:00",345.6
"2021-02-19 00:00:00",343.61
"2021-02-22 00:00:00",334
"2021-02-23 00:00:00",325.02
"2021-02-24 00:00:00",331.9
"2021-02-25 00:00:00",323
"2021-02-26 00:00:00",320
"2021-03-01 00:00:00",328.2
"2021-03-02 00:00:00",330
"2021-03-03 00:00:00",325.4
"2021-03-04 00:00:00",329.99
"2021-03-05 00:00:00",324.53
"2021-03-08 00:00:00",329
"2021-03-09 00:00:00",334.52
"2021-03-10 00:00:00",332
"2021-03-12 00:00:00",335.33
"2021-03-15 00:00:00",334.79
"2021-03-16 00:00:00",341.1
"2021-03-17 00:00:00",338.5
"2021-03-18 00:00:00",339.16
"2021-03-19 00:00:00",326.34
"2021-03-22 00:00:00",334.4
"2021-03-23 00:00:00",325.5
"2021-03-24 00:00:00",325.51
"2021-03-25 00:00:00",325
"2021-03-26 00:00:00",324.79
"2021-03-30 00:00:00",327.4
"2021-03-31 00:00:00",326.7
"2021-04-01 00:00:00",325.55
"2021-04-05 00:00:00",319.65
"2021-04-06 00:00:00",320
"2021-04-07 00:00:00",319.95
"2021-04-08 00:00:00",320.2
"2021-04-09 00:00:00",314.85
"2021-04-12 00:00:00",309.6
"2021-04-13 00:00:00",312.8
"2021-04-15 00:00:00",306.78
"2021-04-16 00:00:00",309.73
"2021-04-19 00:00:00",304.99
"2021-04-20 00:00:00",314.21
"2021-04-22 00:00:00",311.7
"2021-04-23 00:00:00",309.8
"2021-04-26 00:00:00",310.6
"2021-04-27 00:00:00",310.05
"2021-04-28 00:00:00",313.35
"2021-04-29 00:00:00",311.4
"2021-04-30 00:00:00",313.01
"2021-05-03 00:00:00",316.5
"2021-05-04 00:00:00",319
"2021-05-05 00:00:00",321
"2021-05-06 00:00:00",317.1
"2021-05-07 00:00:00",314.2
"2021-05-10 00:00:00",316.86
"2021-05-11 00:00:00",316
"2021-05-12 00:00:00",319
"2021-05-14 00:00:00",318.51
"2021-05-17 00:00:00",323
"2021-05-18 00:00:00",328.03
"2021-05-19 00:00:00",330
"2021-05-20 00:00:00",330
"2021-05-21 00:00:00",326.5
"2021-05-24 00:00:00",321.25
"2021-05-25 00:00:00",323
"2021-05-26 00:00:00",322.83
"2021-05-27 00:00:00",327
"2021-05-28 00:00:00",330
"2021-05-31 00:00:00",325
"2021-06-01 00:00:00",325.6
"2021-06-02 00:00:00",324.5
"2021-06-03 00:00:00",324.5
"2021-06-04 00:00:00",332.95
"2021-06-07 00:00:00",332.9
"2021-06-08 00:00:00",338.4
"2021-06-09 00:00:00",342
"2021-06-10 00:00:00",349
"2021-06-11 00:00:00",353.25
"2021-06-14 00:00:00",349.99
"2021-06-15 00:00:00",352.5
"2021-06-16 00:00:00",342.48
"2021-06-17 00:00:00",336.75
"2021-06-18 00:00:00",329.6
"2021-06-21 00:00:00",337
"2021-06-22 00:00:00",339
"2021-06-23 00:00:00",337.68
"2021-06-24 00:00:00",339.7
"2021-06-25 00:00:00",344.9
"2021-06-28 00:00:00",342.39
"2021-06-29 00:00:00",349
"2021-06-30 00:00:00",350
"2021-07-01 00:00:00",346.05
"2021-07-02 00:00:00",349.29
"2021-07-05 00:00:00",349.2
"2021-07-06 00:00:00",351.4
"2021-07-07 00:00:00",352
"2021-07-08 00:00:00",354.26
"2021-07-09 00:00:00",358
"2021-07-12 00:00:00",359
"2021-07-13 00:00:00",357.05
"2021-07-14 00:00:00",359
"2021-07-15 00:00:00",356.05
"2021-07-16 00:00:00",357.1
"2021-07-19 00:00:00",355.01
"2021-07-20 00:00:00",358
"2021-07-22 00:00:00",348.58
"2021-07-23 00:00:00",352.12
"2021-07-26 00:00:00",353.15
"2021-07-27 00:00:00",357.05
"2021-07-28 00:00:00",356.26
"2021-07-29 00:00:00",362
"2021-07-30 00:00:00",361.22
"2021-08-02 00:00:00",362.5
"2021-08-03 00:00:00",360.5
"2021-08-04 00:00:00",361
"2021-08-05 00:00:00",357
"2021-08-06 00:00:00",359
"2021-08-09 00:00:00",357.9
"2021-08-10 00:00:00",351.6
"2021-08-11 00:00:00",348.02
"2021-08-12 00:00:00",348.7
"2021-08-13 00:00:00",355
"2021-08-16 00:00:00",350
"2021-08-17 00:00:00",346.58
"2021-08-18 00:00:00",347
"2021-08-20 00:00:00",343.83
"2021-08-23 00:00:00",345
"2021-08-24 00:00:00",347.64
"2021-08-25 00:00:00",347.16
"2021-08-26 00:00:00",350.8
"2021-08-27 00:00:00",348.5
"2021-08-30 00:00:00",355.1
"2021-08-31 00:00:00",358.9
"2021-09-01 00:00:00",359.02
"2021-09-02 00:00:00",365.6
"2021-09-03 00:00:00",368
"2021-09-06 00:00:00",372
"2021-09-07 00:00:00",371.65
"2021-09-08 00:00:00",374
"2021-09-09 00:00:00",369.9
"2021-09-13 00:00:00",372.56
"2021-09-14 00:00:00",373.89
"2021-09-15 00:00:00",355.72
"2021-09-16 00:00:00",358.11
"2021-09-17 00:00:00",355
"2021-09-20 00:00:00",331.75
"2021-09-21 00:00:00",334.71
"2021-09-22 00:00:00",340.75
"2021-09-23 00:00:00",336.6
"2021-09-24 00:00:00",334
"2021-09-27 00:00:00",331.14
"2021-09-28 00:00:00",331
"2021-09-29 00:00:00",336.06
"2021-09-30 00:00:00",337.3
"2021-10-01 00:00:00",341.19
"2021-10-04 00:00:00",344.05
"2021-10-05 00:00:00",343.11
"2021-10-06 00:00:00",343.2
"2021-10-07 00:00:00",346
"2021-10-08 00:00:00",346.53
"2021-10-11 00:00:00",344.5
"2021-10-12 00:00:00",341.23
"2021-10-13 00:00:00",344.65
"2021-10-14 00:00:00",350.02
"2021-10-18 00:00:00",351.05
"2021-10-19 00:00:00",349.05
"2021-10-20 00:00:00",347.95
"2021-10-21 00:00:00",349.72
"2021-10-22 00:00:00",348
"2021-10-25 00:00:00",347.6
"2021-10-26 00:00:00",349.07
"2021-10-27 00:00:00",353.99
"2021-10-28 00:00:00",351.48
"2021-10-29 00:00:00",350
"2021-11-01 00:00:00",352.35
"2021-11-02 00:00:00",356.38
"2021-11-03 00:00:00",354.58
"2021-11-04 00:00:00",358
"2021-11-08 00:00:00",368
"2021-11-09 00:00:00",368.47
"2021-11-10 00:00:00",366.5
"2021-11-11 00:00:00",364.4
"2021-11-12 00:00:00",369.9
"2021-11-15 00:00:00",372.7
"2021-11-16 00:00:00",367.95
"2021-11-17 00:00:00",367.8
"2021-11-18 00:00:00",367
"2021-11-22 00:00:00",367.95
"2021-11-23 00:00:00",370
"2021-11-24 00:00:00",369.9
"2021-11-25 00:00:00",374.99
"2021-11-26 00:00:00",366
"2021-11-29 00:00:00",367
"2021-11-30 00:00:00",360
"2021-12-01 00:00:00",361.7
"2021-12-02 00:00:00",361.92
"2021-12-03 00:00:00",363.83
"2021-12-06 00:00:00",360
"2021-12-07 00:00:00",350
"2021-12-08 00:00:00",355.6
"2021-12-09 00:00:00",358.8
"2021-12-10 00:00:00",358
"2021-12-13 00:00:00",359.15
"2021-12-14 00:00:00",362.2
"2021-12-15 00:00:00",362
"2021-12-16 00:00:00",358.67
"2021-12-17 00:00:00",346.9
"2021-12-20 00:00:00",340.97
"2021-12-21 00:00:00",349.9
"2021-12-22 00:00:00",349.7
"2021-12-23 00:00:00",346.69
"2021-12-24 00:00:00",343.5
"2021-12-27 00:00:00",341.48
"2021-12-28 00:00:00",341.5
"2021-12-29 00:00:00",341.65
"2021-12-30 00:00:00",340.05
"2021-12-31 00:00:00",339.79
"2022-01-03 00:00:00",339.88
"2022-01-04 00:00:00",346.8
"2022-01-05 00:00:00",349.13
"2022-01-06 00:00:00",354.21
"2022-01-07 00:00:00",353.48
"2022-01-10 00:00:00",354.01
"2022-01-11 00:00:00",356.45
"2022-01-12 00:00:00",358.6
"2022-01-13 00:00:00",360.11
"2022-01-14 00:00:00",358.7
"2022-01-17 00:00:00",362.4
"2022-01-18 00:00:00",365.5
"2022-01-19 00:00:00",366.14
"2022-01-20 00:00:00",366.69
"2022-01-21 00:00:00",366.27
"2022-01-24 00:00:00",362
"2022-01-25 00:00:00",359.08
"2022-01-27 00:00:00",359.01
"2022-01-28 00:00:00",362
"2022-01-31 00:00:00",367.15
"2022-02-01 00:00:00",369.5
"2022-02-02 00:00:00",370.56
"2022-02-03 00:00:00",370.01
"2022-02-04 00:00:00",377
"2022-02-07 00:00:00",368.37
"2022-02-08 00:00:00",379
"2022-02-09 00:00:00",381.01
"2022-02-10 00:00:00",380.05
"2022-02-11 00:00:00",388.25
"2022-02-14 00:00:00",380.04
"2022-02-15 00:00:00",381.69
"2022-02-16 00:00:00",387.5
"2022-02-17 00:00:00",379.21
"2022-02-18 00:00:00",384
"2022-02-21 00:00:00",378
"2022-02-22 00:00:00",374.5
"2022-02-23 00:00:00",383.01
"2022-02-24 00:00:00",379
"2022-02-25 00:00:00",373.85
"2022-02-28 00:00:00",370.45
"2022-03-02 00:00:00",376.72
"2022-03-03 00:00:00",374.89
"2022-03-04 00:00:00",373.65
"2022-03-07 00:00:00",367.95
"2022-03-08 00:00:00",368.6
"2022-03-09 00:00:00",369.5
"2022-03-10 00:00:00",373.16
"2022-03-11 00:00:00",374.55
"2022-03-14 00:00:00",377.8
"2022-03-15 00:00:00",378.79
"2022-03-16 00:00:00",376.11
"2022-03-17 00:00:00",358
"2022-03-21 00:00:00",367.3
"2022-03-22 00:00:00",376
"2022-03-23 00:00:00",378.2
"2022-03-24 00:00:00",374.99
"2022-03-25 00:00:00",367.57
"2022-03-28 00:00:00",374
"2022-03-29 00:00:00",367.99
"2022-03-30 00:00:00",372
"2022-03-31 00:00:00",370.11
"2022-04-01 00:00:00",372.3
"2022-04-04 00:00:00",375.17
"2022-04-05 00:00:00",378.55
"2022-04-06 00:00:00",379.2
"2022-04-07 00:00:00",376.05
"2022-04-08 00:00:00",371.7
"2022-04-11 00:00:00",373.27
"2022-04-12 00:00:00",374
"2022-04-13 00:00:00",374.66
"2022-04-18 00:00:00",372.55
"2022-04-19 00:00:00",370.87
"2022-04-20 00:00:00",375.15
"2022-04-21 00:00:00",376.33
"2022-04-22 00:00:00",382.5
"2022-04-25 00:00:00",382.97
"2022-04-26 00:00:00",385.65
"2022-04-27 00:00:00",387.5
"2022-04-28 00:00:00",388
"2022-04-29 00:00:00",386.8
"2022-05-02 00:00:00",383.5
"2022-05-04 00:00:00",387
"2022-05-05 00:00:00",384.95
"2022-05-06 00:00:00",382.84
"2022-05-09 00:00:00",374.48
"2022-05-10 00:00:00",370
"2022-05-11 00:00:00",370.55
"2022-05-12 00:00:00",375.5
"2022-05-13 00:00:00",373
"2022-05-16 00:00:00",371
"2022-05-17 00:00:00",370.88
"2022-05-18 00:00:00",370.1
"2022-05-19 00:00:00",373.85
"2022-05-20 00:00:00",371.67
"2022-05-23 00:00:00",376
"2022-05-24 00:00:00",377.25
"2022-05-25 00:00:00",375.4
"2022-05-26 00:00:00",373.99
"2022-05-27 00:00:00",375.93
"2022-05-30 00:00:00",380.5
"2022-05-31 00:00:00",394.81
"2022-06-01 00:00:00",391.95
"2022-06-02 00:00:00",393
"2022-06-03 00:00:00",394.5
"2022-06-06 00:00:00",392
"2022-06-07 00:00:00",394.86
"2022-06-08 00:00:00",399.05
"2022-06-09 00:00:00",404
"2022-06-10 00:00:00",405
"2022-06-13 00:00:00",404.25
"2022-06-14 00:00:00",386.7
"2022-06-15 00:00:00",374.18
"2022-06-16 00:00:00",382.38
"2022-06-17 00:00:00",366.5
"2022-06-20 00:00:00",371.5
"2022-06-21 00:00:00",373
"2022-06-22 00:00:00",372
"2022-06-23 00:00:00",368.25
"2022-06-24 00:00:00",367.91
"2022-06-27 00:00:00",367.27
"2022-06-28 00:00:00",367.7
"2022-06-29 00:00:00",367.8
"2022-06-30 00:00:00",373.16
"2022-07-01 00:00:00",372.28
"2022-07-04 00:00:00",367
"2022-07-05 00:00:00",372.5
"2022-07-06 00:00:00",381
"2022-07-07 00:00:00",374.98
"2022-07-08 00:00:00",372.09
"2022-07-11 00:00:00",370.1
"2022-07-12 00:00:00",368.5
"2022-07-13 00:00:00",368.99
"2022-07-14 00:00:00",369.99
"2022-07-15 00:00:00",369.09
"2022-07-18 00:00:00",369
"2022-07-19 00:00:00",367.85
"2022-07-20 00:00:00",368.3
"2022-07-21 00:00:00",367.5
"2022-07-22 00:00:00",369
"2022-07-25 00:00:00",363.65
"2022-07-26 00:00:00",362.9
"2022-07-27 00:00:00",362.95
"2022-07-28 00:00:00",365
"2022-07-29 00:00:00",364.15
"2022-08-01 00:00:00",364.5
"2022-08-02 00:00:00",362
"2022-08-03 00:00:00",362.01
"2022-08-04 00:00:00",369.7
"2022-08-05 00:00:00",367.65
"2022-08-08 00:00:00",370.2
"2022-08-10 00:00:00",374
"2022-08-11 00:00:00",375.95
"2022-08-12 00:00:00",377.45
"2022-08-16 00:00:00",374.3
"2022-08-17 00:00:00",374.3
"2022-08-18 00:00:00",360.7
"2022-08-19 00:00:00",365.1
"2022-08-22 00:00:00",366.5
"2022-08-23 00:00:00",363.25
"2022-08-24 00:00:00",364.1
"2022-08-25 00:00:00",366
"2022-08-26 00:00:00",364.8
"2022-08-29 00:00:00",363.5
"2022-08-30 00:00:00",363.3
"2022-09-01 00:00:00",366.4
"2022-09-02 00:00:00",366
"2022-09-05 00:00:00",363.99
"2022-09-06 00:00:00",362.75
"2022-09-07 00:00:00",351
"2022-09-08 00:00:00",358.11
"2022-09-09 00:00:00",359.5
"2022-09-12 00:00:00",362.35
"2022-09-13 00:00:00",360.6
"2022-09-14 00:00:00",358.7
"2022-09-15 00:00:00",362.39
"2022-09-16 00:00:00",351.9
"2022-09-19 00:00:00",351.95
"2022-09-20 00:00:00",354
"2022-09-21 00:00:00",354.2
"2022-09-22 00:00:00",353.51
"2022-09-23 00:00:00",354.5
"2022-09-26 00:00:00",351.37
"2022-09-27 00:00:00",346.99
"2022-09-28 00:00:00",350.48
"2022-09-29 00:00:00",352
"2022-09-30 00:00:00",345.21
"2022-10-03 00:00:00",344.75
"2022-10-04 00:00:00",345.56
"2022-10-06 00:00:00",342
"2022-10-07 00:00:00",344.52
"2022-10-10 00:00:00",344.01
"2022-10-11 00:00:00",346.61
"2022-10-12 00:00:00",347.58
"2022-10-13 00:00:00",345.63
"2022-10-14 00:00:00",343.49
"2022-10-17 00:00:00",348
"2022-10-18 00:00:00",349.6
"2022-10-19 00:00:00",344.5
"2022-10-20 00:00:00",343.5
"2022-10-21 00:00:00",343.3
"2022-10-24 00:00:00",348
"2022-10-25 00:00:00",343
"2022-10-27 00:00:00",344.97
"2022-10-28 00:00:00",347.5
"2022-10-31 00:00:00",344.99
"2022-11-01 00:00:00",344.01
"2022-11-02 00:00:00",342.03
"2022-11-03 00:00:00",340
"2022-11-04 00:00:00",333.54
"2022-11-07 00:00:00",334
"2022-11-09 00:00:00",333.61
"2022-11-10 00:00:00",333
"2022-11-11 00:00:00",340.35
"2022-11-14 00:00:00",342.45
"2022-11-15 00:00:00",336
"2022-11-16 00:00:00",335.82
"2022-11-17 00:00:00",334.74
"2022-11-18 00:00:00",328
"2022-11-21 00:00:00",329.61
"2022-11-22 00:00:00",336.91
"2022-11-23 00:00:00",340
"2022-11-24 00:00:00",338.7
"2022-11-25 00:00:00",338.6
"2022-11-28 00:00:00",339.75
"2022-11-29 00:00:00",340.75
"2022-11-30 00:00:00",340.1
"2022-12-01 00:00:00",341.95
"2022-12-02 00:00:00",341.56
"2022-12-05 00:00:00",343.01
"2022-12-06 00:00:00",344.7
"2022-12-07 00:00:00",347
"2022-12-08 00:00:00",348.3
"2022-12-09 00:00:00",353
"2022-12-12 00:00:00",353
"2022-12-13 00:00:00",350.26
"2022-12-14 00:00:00",350
"2022-12-15 00:00:00",350.5
"2022-12-16 00:00:00",355
"2022-12-19 00:00:00",348.97
"2022-12-20 00:00:00",351.92
"2022-12-21 00:00:00",347.7
"2022-12-22 00:00:00",347
"2022-12-23 00:00:00",341.9
"2022-12-26 00:00:00",338.77
"2022-12-27 00:00:00",335
"2022-12-28 00:00:00",337.99
"2022-12-29 00:00:00",341.17
"2022-12-30 00:00:00",336
"2023-01-02 00:00:00",337.6
"2023-01-03 00:00:00",339.86
"2023-01-04 00:00:00",340.05
"2023-01-05 00:00:00",340.95
"2023-01-06 00:00:00",340.21
"2023-01-09 00:00:00",338
"2023-01-10 00:00:00",338.84
"2023-01-11 00:00:00",344
"2023-01-12 00:00:00",342.61
"2023-01-13 00:00:00",338.97
"2023-01-16 00:00:00",338.3
"2023-01-17 00:00:00",338.94
"2023-01-18 00:00:00",333.98
"2023-01-19 00:00:00",337.01
"2023-01-20 00:00:00",335.9
"2023-01-23 00:00:00",341.5
"2023-01-24 00:00:00",343
"2023-01-25 00:00:00",339.91
"2023-01-27 00:00:00",336.5
"2023-01-30 00:00:00",330.7
"2023-01-31 00:00:00",327.9
"2023-02-01 00:00:00",318
"2023-02-02 00:00:00",306.5
"2023-02-03 00:00:00",301.8
"2023-02-06 00:00:00",303.5
"2023-02-07 00:00:00",304.74
"2023-02-08 00:00:00",307.01
"2023-02-09 00:00:00",306
"2023-02-10 00:00:00",308.49
"2023-02-13 00:00:00",307
"2023-02-14 00:00:00",308.85
"2023-02-15 00:00:00",309.25
"2023-02-16 00:00:00",309.29
"2023-02-17 00:00:00",305.6
"2023-02-20 00:00:00",304.32
"2023-02-21 00:00:00",305.01
"2023-02-22 00:00:00",305.01
"2023-02-23 00:00:00",305.01
"2023-02-24 00:00:00",305
"2023-02-27 00:00:00",305
"2023-02-28 00:00:00",307
"2023-03-01 00:00:00",304.36
"2023-03-02 00:00:00",302.1
"2023-03-03 00:00:00",301.6
"2023-03-06 00:00:00",304.55
"2023-03-08 00:00:00",304.49
"2023-03-09 00:00:00",304.25
"2023-03-10 00:00:00",303.37
"2023-03-13 00:00:00",301.5
"2023-03-14 00:00:00",301.22
"2023-03-15 00:00:00",301.05
"2023-03-16 00:00:00",303.44
"2023-03-17 00:00:00",301.95
"2023-03-20 00:00:00",310
"2023-03-21 00:00:00",307
"2023-03-22 00:00:00",306.25
"2023-03-23 00:00:00",305.56
"2023-03-24 00:00:00",323
"2023-03-27 00:00:00",315.4
"2023-03-28 00:00:00",309.1
"2023-03-29 00:00:00",309
"2023-03-31 00:00:00",312.6
"2023-04-03 00:00:00",313.4
"2023-04-05 00:00:00",314.37
"2023-04-06 00:00:00",314.23
"2023-04-10 00:00:00",313.9
"2023-04-11 00:00:00",315
"2023-04-12 00:00:00",315
"2023-04-13 00:00:00",314.3
"2023-04-17 00:00:00",316.25
"2023-04-18 00:00:00",321
"2023-04-19 00:00:00",320.65
"2023-04-20 00:00:00",321.69
"2023-04-21 00:00:00",322.89
"2023-04-24 00:00:00",322
"2023-04-25 00:00:00",317
"2023-04-26 00:00:00",323.5
"2023-04-27 00:00:00",324
"2023-04-28 00:00:00",332
"2023-05-02 00:00:00",329.98
"2023-05-03 00:00:00",330
"2023-05-04 00:00:00",318
"2023-05-05 00:00:00",315.45
"2023-05-08 00:00:00",312.08
"2023-05-09 00:00:00",311.83
"2023-05-10 00:00:00",317.9
"2023-05-11 00:00:00",312.79
"2023-05-12 00:00:00",311.01
"2023-05-15 00:00:00",309.37
"2023-05-16 00:00:00",309.3
"2023-05-17 00:00:00",304.9
"2023-05-18 00:00:00",305
"2023-05-19 00:00:00",305.44
"2023-05-22 00:00:00",305
"2023-05-23 00:00:00",303.9
"2023-05-24 00:00:00",304.01
"2023-05-25 00:00:00",297.75
"2023-05-26 00:00:00",300.5
"2023-05-29 00:00:00",303
"2023-05-30 00:00:00",305.6
"2023-05-31 00:00:00",310
"2023-06-01 00:00:00",307.15
"2023-06-02 00:00:00",302
"2023-06-05 00:00:00",302.14
"2023-06-06 00:00:00",305
"2023-06-07 00:00:00",304.99
"2023-06-08 00:00:00",302.16
"2023-06-09 00:00:00",299.11
"2023-06-12 00:00:00",301.87
"2023-06-13 00:00:00",297
"2023-06-14 00:00:00",300
"2023-06-15 00:00:00",296.51
"2023-06-16 00:00:00",296.55
"2023-06-19 00:00:00",296
"2023-06-20 00:00:00",291.47
"2023-06-21 00:00:00",292
"2023-06-22 00:00:00",297.53
"2023-06-23 00:00:00",295
"2023-06-26 00:00:00",293.7
"2023-06-27 00:00:00",293
"2023-06-28 00:00:00",292
"2023-06-30 00:00:00",291.8
"2023-07-03 00:00:00",295
"2023-07-04 00:00:00",293.13
"2023-07-05 00:00:00",293.51
"2023-07-06 00:00:00",294.4
"2023-07-07 00:00:00",300.84
"2023-07-10 00:00:00",301.32
"2023-07-11 00:00:00",303
"2023-07-12 00:00:00",299.99
"2023-07-13 00:00:00",299.99
"2023-07-14 00:00:00",304
"2023-07-17 00:00:00",308.01
"2023-07-18 00:00:00",309
"2023-07-19 00:00:00",307
"2023-07-20 00:00:00",306.5
"2023-07-21 00:00:00",308.9
"2023-07-24 00:00:00",308.48
"2023-07-25 00:00:00",308.5
"2023-07-26 00:00:00",302.1
"2023-07-27 00:00:00",308.01
"2023-07-28 00:00:00",310
"2023-07-31 00:00:00",310.95
"2023-08-01 00:00:00",307
"2023-08-02 00:00:00",309
"2023-08-03 00:00:00",306.79
"2023-08-04 00:00:00",304
"2023-08-07 00:00:00",306
"2023-08-08 00:00:00",304.95
"2023-08-09 00:00:00",304.49
"2023-08-10 00:00:00",309.9
"2023-08-11 00:00:00",311.5
"2023-08-14 00:00:00",309.97
"2023-08-16 00:00:00",309.94
"2023-08-17 00:00:00",306.48
"2023-08-18 00:00:00",306.74
"2023-08-21 00:00:00",309.5
"2023-08-22 00:00:00",305.8
"2023-08-23 00:00:00",306.4
"2023-08-24 00:00:00",303.76
"2023-08-25 00:00:00",302.01
"2023-08-28 00:00:00",302.99
"2023-08-29 00:00:00",305.49
"2023-08-30 00:00:00",304.5
"2023-08-31 00:00:00",304.1
"2023-09-01 00:00:00",307.3
"2023-09-04 00:00:00",309.01
"2023-09-05 00:00:00",308.68
"2023-09-06 00:00:00",307.8
"2023-09-07 00:00:00",305
"2023-09-08 00:00:00",309.31
"2023-09-11 00:00:00",305.7
"2023-09-12 00:00:00",307.45
"2023-09-13 00:00:00",309.49
"2023-09-14 00:00:00",305.98
"2023-09-15 00:00:00",312
"2023-09-18 00:00:00",307.5
"2023-09-20 00:00:00",303.98
"2023-09-21 00:00:00",303.8
"2023-09-22 00:00:00",304
"2023-09-25 00:00:00",303.79
"2023-09-26 00:00:00",304.56
"2023-09-27 00:00:00",302.5
"2023-09-28 00:00:00",301.99
"2023-09-29 00:00:00",300.82
"2023-10-03 00:00:00",300.1
"2023-10-04 00:00:00",302.2
"2023-10-05 00:00:00",302.47
"2023-10-06 00:00:00",304.25
"2023-10-09 00:00:00",303.71
"2023-10-10 00:00:00",304
"2023-10-11 00:00:00",305.4
"2023-10-12 00:00:00",308.2
"2023-10-13 00:00:00",306.1
"2023-10-16 00:00:00",308.9
"2023-10-17 00:00:00",308.5
"2023-10-18 00:00:00",309.8
"2023-10-19 00:00:00",307.3
"2023-10-20 00:00:00",309
"2023-10-23 00:00:00",304.05
"2023-10-25 00:00:00",300
"2023-10-26 00:00:00",298.75
"2023-10-27 00:00:00",306
"2023-10-30 00:00:00",309.99
"2023-10-31 00:00:00",312
"2023-11-01 00:00:00",314.99
"2023-11-02 00:00:00",314
"2023-11-03 00:00:00",311.95
"2023-11-06 00:00:00",313.49
"2023-11-07 00:00:00",312.01
"2023-11-08 00:00:00",311.95
"2023-11-09 00:00:00",315
"2023-11-10 00:00:00",311.75
"2023-11-12 00:00:00",313.15
"2023-11-13 00:00:00",310
"2023-11-15 00:00:00",315.49
"2023-11-16 00:00:00",312.5
"2023-11-17 00:00:00",315.46
"2023-11-20 00:00:00",317.97
"2023-11-21 00:00:00",318.51
"2023-11-22 00:00:00",314.7
"2023-11-23 00:00:00",316.51
"2023-11-24 00:00:00",319.05
"2023-11-28 00:00:00",316
"2023-11-29 00:00:00",317.02
"2023-11-30 00:00:00",322.01
"2023-12-01 00:00:00",318
"2023-12-04 00:00:00",316.36
"2023-12-05 00:00:00",317
"2023-12-06 00:00:00",296.18
"2023-12-07 00:00:00",318.98
"2023-12-08 00:00:00",325
"2023-12-11 00:00:00",330
"2023-12-12 00:00:00",332
"2023-12-13 00:00:00",332
"2023-12-14 00:00:00",331.51
"2023-12-15 00:00:00",327
"2023-12-18 00:00:00",324.25
"2023-12-19 00:00:00",335
"2023-12-20 00:00:00",331.15
"2023-12-21 00:00:00",330
"2023-12-22 00:00:00",324
"2023-12-26 00:00:00",337
"2023-12-27 00:00:00",331
"2023-12-28 00:00:00",325.3
"2023-12-29 00:00:00",323.5
"2024-01-01 00:00:00",326.5
"2024-01-02 00:00:00",328.35
"2024-01-03 00:00:00",330.15
"2024-01-04 00:00:00",334
"2024-01-05 00:00:00",332
"2024-01-08 00:00:00",328.98
"2024-01-09 00:00:00",337
"2024-01-10 00:00:00",342
"2024-01-11 00:00:00",349.99
"2024-01-12 00:00:00",353
"2024-01-15 00:00:00",346.8
"2024-01-16 00:00:00",350
"2024-01-17 00:00:00",350.26
"2024-01-18 00:00:00",355.2
"2024-01-19 00:00:00",350.99
"2024-01-20 00:00:00",347.85
"2024-01-23 00:00:00",356
"2024-01-24 00:00:00",354.99
"2024-01-25 00:00:00",349.55
"2024-01-29 00:00:00",354
"2024-01-30 00:00:00",353.04
"2024-01-31 00:00:00",360.91
"2024-02-01 00:00:00",363
"2024-02-02 00:00:00",368.5
"2024-02-05 00:00:00",368.85
"2024-02-06 00:00:00",367.9
"2024-02-07 00:00:00",364.9
"2024-02-08 00:00:00",365.85
"2024-02-09 00:00:00",363.8
"2024-02-12 00:00:00",359.99
"2024-02-13 00:00:00",360.35
"2024-02-14 00:00:00",368.65
"2024-02-15 00:00:00",368.5
"2024-02-16 00:00:00",367.9
"2024-02-19 00:00:00",367.75
"2024-02-20 00:00:00",367
"2024-02-21 00:00:00",356.5
"2024-02-22 00:00:00",352.01
"2024-02-23 00:00:00",365
"2024-02-26 00:00:00",369.92
"2024-02-27 00:00:00",366.9
"2024-02-28 00:00:00",368
"2024-02-29 00:00:00",380
"2024-03-01 00:00:00",378.57
"2024-03-02 00:00:00",374.7
"2024-03-04 00:00:00",372.31
"2024-03-05 00:00:00",381.23
"2024-03-06 00:00:00",379.03
"2024-03-07 00:00:00",379.95
"2024-03-11 00:00:00",376.25
"2024-03-12 00:00:00",374.9
"2024-03-13 00:00:00",382
"2024-03-14 00:00:00",381.26
"2024-03-15 00:00:00",392
"2024-03-18 00:00:00",385
"2024-03-19 00:00:00",382.11
"2024-03-20 00:00:00",370.78
"2024-03-21 00:00:00",374.9
"2024-03-22 00:00:00",375.23
"2024-03-26 00:00:00",375.94
"2024-03-27 00:00:00",376
"2024-03-28 00:00:00",367.99
"2024-04-01 00:00:00",368.11
"2024-04-02 00:00:00",370
"2024-04-03 00:00:00",370.32
"2024-04-04 00:00:00",375.51
"2024-04-05 00:00:00",375
"2024-04-08 00:00:00",374
"2024-04-09 00:00:00",370
"2024-04-10 00:00:00",364.05
"2024-04-12 00:00:00",357.2
"2024-04-15 00:00:00",356
"2024-04-16 00:00:00",349.99
"2024-04-18 00:00:00",365
"2024-04-19 00:00:00",367.64
"2024-04-22 00:00:00",359.76
"2024-04-23 00:00:00",363.8
"2024-04-24 00:00:00",366.49
"2024-04-25 00:00:00",370
"2024-04-26 00:00:00",361.9
"2024-04-29 00:00:00",355.81
"2024-04-30 00:00:00",360
"2024-05-02 00:00:00",356.05
"2024-05-03 00:00:00",353.1
"2024-05-06 00:00:00",344.98
"2024-05-07 00:00:00",344.7
"2024-05-08 00:00:00",349
"2024-05-09 00:00:00",353.45
"2024-05-10 00:00:00",351.15
"2024-05-13 00:00:00",346.51
"2024-05-14 00:00:00",347
"2024-05-15 00:00:00",342.47
"2024-05-16 00:00:00",344.57
"2024-05-17 00:00:00",338.7
"2024-05-18 00:00:00",356
"2024-05-21 00:00:00",347.4
"2024-05-22 00:00:00",339.35
"2024-05-23 00:00:00",339
"2024-05-24 00:00:00",340.5
"2024-05-27 00:00:00",339.6
"2024-05-28 00:00:00",340
"2024-05-29 00:00:00",347.1
"2024-05-30 00:00:00",346.3
"2024-05-31 00:00:00",349
"2024-06-03 00:00:00",356.9
"2024-06-04 00:00:00",348.48
"2024-06-05 00:00:00",350.05
"2024-06-06 00:00:00",352.5
"2024-06-07 00:00:00",353.5
"2024-06-10 00:00:00",354.21
"2024-06-11 00:00:00",356
"2024-06-12 00:00:00",360
"2024-06-13 00:00:00",362.02
"2024-06-14 00:00:00",363.22
"2024-06-18 00:00:00",361
"2024-06-19 00:00:00",358
"2024-06-20 00:00:00",359.5
"2024-06-21 00:00:00",358
"2024-06-24 00:00:00",350.25
"2024-06-25 00:00:00",352.2
"2024-06-26 00:00:00",352.6
"2024-06-27 00:00:00",353.99
"2024-06-28 00:00:00",355.4
"2024-07-01 00:00:00",357
"2024-07-02 00:00:00",355.7
"2024-07-03 00:00:00",357
"2024-07-04 00:00:00",357
"2024-07-05 00:00:00",355.66
"2024-07-08 00:00:00",355.05
"2024-07-09 00:00:00",359.99
"2024-07-10 00:00:00",360.05
"2024-07-11 00:00:00",361.9
"2024-07-12 00:00:00",360
"2024-07-15 00:00:00",360.95
"2024-07-16 00:00:00",361.9
"2024-07-18 00:00:00",364.5
"2024-07-19 00:00:00",366.99
"2024-07-22 00:00:00",365
"2024-07-23 00:00:00",372
"2024-07-24 00:00:00",364.79
"2024-07-25 00:00:00",370.01
"2024-07-26 00:00:00",373
"2024-07-29 00:00:00",371
"2024-07-30 00:00:00",372.5
"2024-07-31 00:00:00",369.7
"2024-08-01 00:00:00",374.6
"2024-08-02 00:00:00",367.62
"2024-08-05 00:00:00",365
"2024-08-06 00:00:00",372.96
"2024-08-07 00:00:00",369.4
"2024-08-08 00:00:00",370.2
"2024-08-09 00:00:00",376.19
"2024-08-12 00:00:00",380.14
"2024-08-13 00:00:00",375.55
"2024-08-14 00:00:00",382.07
"2024-08-16 00:00:00",386.44
"2024-08-19 00:00:00",386.99
"2024-08-20 00:00:00",372.31
"2024-08-21 00:00:00",380.5
"2024-08-22 00:00:00",374.78
"2024-08-23 00:00:00",372.2
"2024-08-26 00:00:00",368.5
"2024-08-27 00:00:00",371.5
"2024-08-28 00:00:00",374.11
"2024-08-29 00:00:00",379.05
"2024-08-30 00:00:00",384.5
"2024-09-02 00:00:00",385.5
"2024-09-03 00:00:00",384
"2024-09-04 00:00:00",390
"2024-09-05 00:00:00",391
"2024-09-06 00:00:00",391.01
"2024-09-09 00:00:00",391.49
"2024-09-10 00:00:00",391.75
"2024-09-11 00:00:00",391.5
"2024-09-12 00:00:00",391.99
"2024-09-13 00:00:00",386.12
"2024-09-16 00:00:00",389.95
"2024-09-17 00:00:00",386.99
"2024-09-18 00:00:00",379.4
"2024-09-19 00:00:00",388.26
"2024-09-20 00:00:00",386
"2024-09-23 00:00:00",390.25
"2024-09-24 00:00:00",394
"2024-09-25 00:00:00",394.7
"2024-09-26 00:00:00",394.8
"2024-09-27 00:00:00",390.5
"2024-09-30 00:00:00",392
"2024-10-01 00:00:00",389.9
"2024-10-03 00:00:00",394.95
"2024-10-04 00:00:00",394.3
"2024-10-07 00:00:00",394.95
"2024-10-08 00:00:00",394.34
"2024-10-09 00:00:00",391
"2024-10-10 00:00:00",394.5
"2024-10-11 00:00:00",387.99
"2024-10-14 00:00:00",389.9
"2024-10-15 00:00:00",389.5
"2024-10-16 00:00:00",390
"2024-10-17 00:00:00",385.5
"2024-10-18 00:00:00",391
"2024-10-21 00:00:00",392.5
"2024-10-22 00:00:00",390.1
"2024-10-23 00:00:00",389.99
"2024-10-24 00:00:00",385
"2024-10-25 00:00:00",390
"2024-10-28 00:00:00",393
"2024-10-29 00:00:00",398
"2024-10-30 00:00:00",394.25
"2024-10-31 00:00:00",398
"2024-11-01 00:00:00",395.72
"2024-11-04 00:00:00",403
"2024-11-05 00:00:00",394.9
"2024-11-06 00:00:00",389
"2024-11-07 00:00:00",390.99
"2024-11-08 00:00:00",388.8
"2024-11-11 00:00:00",388.98
"2024-11-12 00:00:00",389
"2024-11-13 00:00:00",379.43
"2024-11-14 00:00:00",381.19
"2024-11-18 00:00:00",376.95
"2024-11-19 00:00:00",376.2
"2024-11-21 00:00:00",368
"2024-11-22 00:00:00",370
"2024-11-25 00:00:00",370.4
"2024-11-26 00:00:00",368.69
"2024-11-27 00:00:00",374.65
"2024-11-28 00:00:00",372.47
"2024-11-29 00:00:00",376
"2024-12-02 00:00:00",369.9
"2024-12-03 00:00:00",368
"2024-12-04 00:00:00",365.8
"2024-12-05 00:00:00",376.9
"2024-12-06 00:00:00",371.7
"2024-12-09 00:00:00",369.45
"2024-12-10 00:00:00",378
"2024-12-11 00:00:00",371.7
"2024-12-12 00:00:00",371.63
"2024-12-13 00:00:00",373
"2024-12-16 00:00:00",375.5
"2024-12-17 00:00:00",371.01
"2024-12-18 00:00:00",374.35
"2024-12-19 00:00:00",375.56
"2024-12-20 00:00:00",357.9
"2024-12-23 00:00:00",365.5
"2024-12-24 00:00:00",373.99
"2024-12-26 00:00:00",372.95
"2024-12-27 00:00:00",373.02
"2024-12-30 00:00:00",368.98
"2024-12-31 00:00:00",370.01
"2025-01-01 00:00:00",371
"2025-01-02 00:00:00",372
"2025-01-03 00:00:00",371.15
"2025-01-06 00:00:00",369.2
"2025-01-07 00:00:00",370
"2025-01-08 00:00:00",371
"2025-01-09 00:00:00",371.5
"2025-01-10 00:00:00",379.8
"2025-01-13 00:00:00",370.35
"2025-01-14 00:00:00",374.05
"2025-01-15 00:00:00",372.05
"2025-01-16 00:00:00",374.9
"2025-01-17 00:00:00",376.81
"2025-01-20 00:00:00",372.55
"2025-01-21 00:00:00",374.15
"2025-01-22 00:00:00",365.76
"2025-01-23 00:00:00",363.01
"2025-01-24 00:00:00",364.05
"2025-01-27 00:00:00",365
"2025-01-28 00:00:00",364
"2025-01-29 00:00:00",365.4
"2025-01-30 00:00:00",375.7
"2025-01-31 00:00:00",371
"2025-02-01 00:00:00",369.9
"2025-02-03 00:00:00",371
"2025-02-04 00:00:00",365.5
"2025-02-05 00:00:00",362.99
"2025-02-06 00:00:00",369.55
"2025-02-07 00:00:00",365.5
"2025-02-10 00:00:00",365.16
"2025-02-11 00:00:00",363.38
"2025-02-12 00:00:00",362.5
"2025-02-13 00:00:00",361.1
"2025-02-14 00:00:00",359.4
"2025-02-17 00:00:00",359.9
"2025-02-18 00:00:00",356.99
"2025-02-19 00:00:00",352.3
"2025-02-20 00:00:00",356.5
"2025-02-21 00:00:00",363
"2025-02-24 00:00:00",355
"2025-02-25 00:00:00",355
"2025-02-27 00:00:00",365.51
"2025-02-28 00:00:00",364.2
"2025-03-03 00:00:00",362.48
"2025-03-04 00:00:00",367.15
"2025-03-05 00:00:00",361.2
"2025-03-06 00:00:00",357
"2025-03-07 00:00:00",360
"2025-03-10 00:00:00",361.94
"2025-03-11 00:00:00",360.02
"2025-03-12 00:00:00",366.36
"2025-03-13 00:00:00",367
"2025-03-17 00:00:00",363.9
"2025-03-18 00:00:00",361.3
"2025-03-19 00:00:00",363
"2025-03-20 00:00:00",363.34
"2025-03-21 00:00:00",356
"2025-03-24 00:00:00",357.39
"2025-03-25 00:00:00",364.49
"2025-03-26 00:00:00",363.9
"2025-03-27 00:00:00",371.02
"2025-03-28 00:00:00",367.99
"2025-04-01 00:00:00",367.9
"2025-04-02 00:00:00",372.11
"2025-04-03 00:00:00",374.96
"2025-04-04 00:00:00",378
"2025-04-07 00:00:00",374.2
"2025-04-08 00:00:00",367.92
"2025-04-09 00:00:00",374
"2025-04-11 00:00:00",369.5
"2025-04-15 00:00:00",374.35
"2025-04-16 00:00:00",371.6
"2025-04-17 00:00:00",369.78
"2025-04-21 00:00:00",369
"2025-04-22 00:00:00",375
"2025-04-23 00:00:00",380.88
"2025-04-24 00:00:00",382.5
"2025-04-25 00:00:00",379.8
"2025-04-28 00:00:00",382.65
"2025-04-29 00:00:00",381.98
"2025-04-30 00:00:00",381.75
"2025-05-02 00:00:00",377.5
"2025-05-05 00:00:00",379.51
"2025-05-06 00:00:00",381.5
"2025-05-07 00:00:00",384.5
"2025-05-08 00:00:00",378.06
"2025-05-09 00:00:00",380.88
"2025-05-12 00:00:00",379.95
"2025-05-13 00:00:00",381.02
"2025-05-14 00:00:00",385
"2025-05-15 00:00:00",384.5
"2025-05-16 00:00:00",385.05
"2025-05-19 00:00:00",388
"2025-05-20 00:00:00",390
"2025-05-21 00:00:00",389.69
"2025-05-22 00:00:00",389.5
"2025-05-23 00:00:00",390.86
"2025-05-26 00:00:00",381.9
"2025-05-27 00:00:00",381.4
"2025-05-28 00:00:00",383.07
"2025-05-29 00:00:00",388.4
"2025-05-30 00:00:00",381.9
"2025-06-02 00:00:00",388.3
"2025-06-03 00:00:00",389
"2025-06-04 00:00:00",386.65
"2025-06-05 00:00:00",395
"2025-06-06 00:00:00",395.75
"2025-06-09 00:00:00",397
"2025-06-10 00:00:00",396.5
"2025-06-11 00:00:00",396.4
"2025-06-12 00:00:00",394.41
"2025-06-13 00:00:00",394.89
"2025-06-16 00:00:00",393.85
"2025-06-17 00:00:00",391.25
"2025-06-18 00:00:00",390.9
"2025-06-19 00:00:00",390.24
"2025-06-20 00:00:00",389.08
"2025-06-23 00:00:00",394
"2025-06-24 00:00:00",385.4
"2025-06-25 00:00:00",396
"2025-06-26 00:00:00",394.98
"2025-06-27 00:00:00",392.25
"2025-06-30 00:00:00",390
"2025-07-01 00:00:00",391.49
"2025-07-02 00:00:00",390.69
"2025-07-03 00:00:00",391.5
"2025-07-04 00:00:00",392
"2025-07-07 00:00:00",391.02
"2025-07-08 00:00:00",398.3
"2025-07-09 00:00:00",398.9
"2025-07-10 00:00:00",391.2
"2025-07-11 00:00:00",389.2
"2025-07-14 00:00:00",388.5
"2025-07-15 00:00:00",390.52
"2025-07-16 00:00:00",392.75
"2025-07-17 00:00:00",390.13
"2025-07-18 00:00:00",395
"2025-07-21 00:00:00",397.89
"2025-07-22 00:00:00",396
"2025-07-23 00:00:00",404
"2025-07-24 00:00:00",402
"2025-07-25 00:00:00",401.5
"2025-07-28 00:00:00",400
"2025-07-29 00:00:00",394.72
"2025-07-30 00:00:00",396.32
"2025-07-31 00:00:00",395.99
"2025-08-01 00:00:00",391.15
"2025-08-04 00:00:00",389.01
"2025-08-05 00:00:00",385.64
"2025-08-06 00:00:00",392.5
"2025-08-07 00:00:00",386.94
"2025-08-08 00:00:00",381.7
"2025-08-11 00:00:00",386.8
"2025-08-12 00:00:00",384.53
"2025-08-13 00:00:00",384.2
"2025-08-14 00:00:00",385.53
"2025-08-18 00:00:00",384.2
"2025-08-19 00:00:00",384.36
"2025-08-20 00:00:00",387.7
"2025-08-21 00:00:00",390
"2025-08-22 00:00:00",391.85
"2025-08-25 00:00:00",387
"2025-08-26 00:00:00",379.5
"2025-08-28 00:00:00",381.15
"2025-08-29 00:00:00",388
"2025-09-01 00:00:00",385.6
"2025-09-02 00:00:00",386.95
"2025-09-03 00:00:00",391
"2025-09-04 00:00:00",390.15
"2025-09-05 00:00:00",392
"2025-09-08 00:00:00",388.77
"2025-09-09 00:00:00",391
"2025-09-10 00:00:00",396.59
"2025-09-11 00:00:00",397.5
"2025-09-12 00:00:00",399.4
"2025-09-15 00:00:00",410.1
"2025-09-16 00:00:00",417
"2025-09-17 00:00:00",412.59
"2025-09-18 00:00:00",408.4
"2025-09-19 00:00:00",402.99
"2025-09-22 00:00:00",409.2
"2025-09-23 00:00:00",408
"2025-09-24 00:00:00",405
"2025-09-25 00:00:00",413.45
"2025-09-26 00:00:00",410.99
"2025-09-29 00:00:00",415.25
"2025-09-30 00:00:00",422.9
"2025-10-01 00:00:00",425
"2025-10-03 00:00:00",425
"2025-10-06 00:00:00",420.5
"2025-10-07 00:00:00",422.76
"2025-10-08 00:00:00",426.01
"2025-10-09 00:00:00",425.22
"2025-10-10 00:00:00",426.99
"2025-10-13 00:00:00",421.1
"2025-10-14 00:00:00",418.69
"2025-10-15 00:00:00",422
"2025-10-16 00:00:00",420
"2025-10-17 00:00:00",419.44
"2025-10-20 00:00:00",430.98
"2025-10-21 00:00:00",432.6
"2025-10-23 00:00:00",431.75
"2025-10-24 00:00:00",433.99
"2025-10-27 00:00:00",433.5
"2025-10-28 00:00:00",425
"2025-10-29 00:00:00",431.9
"2025-10-30 00:00:00",427.6
"2025-10-31 00:00:00",428
"2025-11-03 00:00:00",432.99
"2025-11-04 00:00:00",431.97
"2025-11-06 00:00:00",429.99
"2025-11-07 00:00:00",425.68
"2025-11-10 00:00:00",428.15
"2025-11-11 00:00:00",424.3
"2025-11-12 00:00:00",422.61
"2025-11-13 00:00:00",420.7
"2025-11-14 00:00:00",415.73
"2025-11-17 00:00:00",417
"2025-11-18 00:00:00",425.6
"2025-11-19 00:00:00",425.7
"2025-11-20 00:00:00",436.8
"2025-11-21 00:00:00",434
"2025-11-24 00:00:00",432
"2025-11-25 00:00:00",428.5
"2025-11-26 00:00:00",424.1
"2025-11-27 00:00:00",428
"2025-11-28 00:00:00",425
"2025-12-01 00:00:00",428.5
"2025-12-02 00:00:00",437.76
"2025-12-03 00:00:00",448.57
"2025-12-04 00:00:00",445.99
"2025-12-05 00:00:00",441.45
"2025-12-08 00:00:00",438.15
"2025-12-09 00:00:00",430.01
"2025-12-10 00:00:00",433.5
"2025-12-11 00:00:00",440.44
"2025-12-12 00:00:00",441.11
"2025-12-15 00:00:00",440.05
"2025-12-16 00:00:00",444.9
"2025-12-17 00:00:00",432.34
"2025-12-18 00:00:00",428.27
"2025-12-19 00:00:00",428.55
"2025-12-22 00:00:00",426.2
"2025-12-23 00:00:00",427.05
"2025-12-24 00:00:00",426
"2025-12-26 00:00:00",430
"2025-12-29 00:00:00",427.24
"2025-12-30 00:00:00",425
"2025-12-31 00:00:00",436.55
"2026-01-01 00:00:00",434.8
"2026-01-02 00:00:00",438.05
"2026-01-05 00:00:00",434.64
"2026-01-06 00:00:00",440
"2026-01-07 00:00:00",445
"2026-01-08 00:00:00",434.2
"2026-01-09 00:00:00",436
"2026-01-12 00:00:00",435.6
"2026-01-13 00:00:00",443.5
"2026-01-14 00:00:00",442.11
"2026-01-16 00:00:00",450.9
"2026-01-19 00:00:00",437.33
"2026-01-20 00:00:00",440.01
"2026-01-21 00:00:00",436.76
"2026-01-22 00:00:00",437
"2026-01-23 00:00:00",435.45
"2026-01-27 00:00:00",431.48
"2026-01-28 00:00:00",431
"2026-01-29 00:00:00",436.9
"2026-01-30 00:00:00",432.57
"2026-02-01 00:00:00",439.75
"2026-02-02 00:00:00",438
"2026-02-03 00:00:00",429.9
"2026-02-04 00:00:00",437
"2026-02-05 00:00:00",440.25
"2026-02-06 00:00:00",442
"2026-02-09 00:00:00",453
"2026-02-10 00:00:00",459.99
"2026-02-11 00:00:00",461
"2026-02-12 00:00:00",447.01
"2026-02-13 00:00:00",441.3
"2026-02-16 00:00:00",443.7
"2026-02-17 00:00:00",445.79
"2026-02-18 00:00:00",439.6
"2026-02-19 00:00:00",432.89
"2026-02-20 00:00:00",432.7
"2026-02-23 00:00:00",435.9
"2026-02-24 00:00:00",418
"2026-02-25 00:00:00",427.45
"2026-02-26 00:00:00",427.47
"2026-02-27 00:00:00",425.74
"2026-03-02 00:00:00",426.01
"2026-03-04 00:00:00",412.4
"2026-03-05 00:00:00",420.5
"2026-03-06 00:00:00",432
"2026-03-09 00:00:00",425.37
"2026-03-10 00:00:00",421
"2026-03-11 00:00:00",421
"2026-03-12 00:00:00",436.25
"2026-03-13 00:00:00",427
"2026-03-16 00:00:00",427
"2026-03-17 00:00:00",422.47
"2026-03-18 00:00:00",419.9
"2026-03-19 00:00:00",418
"2026-03-20 00:00:00",416.01
"2026-03-23 00:00:00",416
"2026-03-24 00:00:00",421.06
"2026-03-25 00:00:00",430.7
"2026-03-27 00:00:00",425.3
"2026-03-30 00:00:00",419.69
"2026-04-01 00:00:00",419.52
"2026-04-02 00:00:00",429.99
"2026-04-06 00:00:00",429
"2026-04-07 00:00:00",429.76
"2026-04-08 00:00:00",438
"2026-04-09 00:00:00",440.2
"2026-04-10 00:00:00",447.4
"2026-04-13 00:00:00",448.5
"2026-04-15 00:00:00",449
"2026-04-16 00:00:00",442.7
"2026-04-17 00:00:00",439.98
"2026-04-20 00:00:00",429.4
"2026-04-21 00:00:00",431.1
"2026-04-22 00:00:00",426.4
"2026-04-23 00:00:00",427.38
"2026-04-24 00:00:00",432.98
"2026-04-27 00:00:00",432.01
"2026-04-28 00:00:00",426
"2026-04-29 00:00:00",427.5
"2026-04-30 00:00:00",423.67
"2026-05-04 00:00:00",419.9
"2026-05-05 00:00:00",423
"2026-05-06 00:00:00",420.5
"2026-05-07 00:00:00",421.47
"2026-05-08 00:00:00",422
"2026-05-11 00:00:00",421.93
"2026-05-12 00:00:00",422
"2026-05-13 00:00:00",422.46
"2026-05-14 00:00:00",424.45
"2026-05-15 00:00:00",421.99
"2026-05-18 00:00:00",424.02
"2026-05-19 00:00:00",433.49
"2026-05-20 00:00:00",432.68
"2026-05-21 00:00:00",435.52
"2026-05-22 00:00:00",428.04
"2026-05-25 00:00:00",431.4
"2026-05-26 00:00:00",433.5
"2026-05-27 00:00:00",437
"2026-05-29 00:00:00",427.84
"2026-06-01 00:00:00",438.34
"2026-06-02 00:00:00",434.84
"2026-06-03 00:00:00",432
"2026-06-04 00:00:00",428.5
"2026-06-05 00:00:00",428.5
"2026-06-08 00:00:00",426.1
"2026-06-09 00:00:00",429.99
"2026-06-10 00:00:00",430
"2026-06-11 00:00:00",433.13
"2026-06-12 00:00:00",428.85
"2026-06-15 00:00:00",429.9
"2026-06-16 00:00:00",429.9
"2026-06-17 00:00:00",429
"2026-06-18 00:00:00",429.89
"2026-06-19 00:00:00",426.24
"2026-06-22 00:00:00",425.85
"2026-06-23 00:00:00",429
"2026-06-24 00:00:00",428.8
"2026-06-25 00:00:00",428.33
"2026-06-29 00:00:00",435.5
"2026-06-30 00:00:00",439
"2026-07-01 00:00:00",444
"2026-07-02 00:00:00",447.99
"2026-07-03 00:00:00",446.9
"2026-07-06 00:00:00",448.36
"2026-07-07 00:00:00",448.35
"2026-07-08 00:00:00",448.98
"2026-07-09 00:00:00",444.31
"2026-07-10 00:00:00",450
"2026-07-13 00:00:00",444.8
"2026-07-14 00:00:00",442.36
"2026-07-15 00:00:00",443.31