"DateTime","KRTRRN"
"2025-08-18 00:00:00",106.24
"2025-08-19 00:00:00",107.35
"2025-08-20 00:00:00",107.25
"2025-08-21 00:00:00",107.1
"2025-08-22 00:00:00",107.05
"2025-08-25 00:00:00",107.12
"2025-08-26 00:00:00",107.1
"2025-08-28 00:00:00",107.11
"2025-08-29 00:00:00",107.09
"2025-09-01 00:00:00",107.16
"2025-09-02 00:00:00",107.17
"2025-09-03 00:00:00",107.8
"2025-09-04 00:00:00",107.6
"2025-09-05 00:00:00",108
"2025-09-08 00:00:00",108
"2025-09-09 00:00:00",108.09
"2025-09-10 00:00:00",107.96
"2025-09-11 00:00:00",107.3
"2025-09-12 00:00:00",107.66
"2025-09-15 00:00:00",109.23
"2025-09-16 00:00:00",111.28
"2025-09-17 00:00:00",111.25
"2025-09-18 00:00:00",112
"2025-09-19 00:00:00",112
"2025-09-22 00:00:00",112.92
"2025-09-23 00:00:00",112.89
"2025-09-24 00:00:00",113.79
"2025-09-25 00:00:00",114.15
"2025-09-26 00:00:00",113.75
"2025-09-29 00:00:00",113.81
"2025-09-30 00:00:00",116
"2025-10-01 00:00:00",119
"2025-10-03 00:00:00",118.55
"2025-10-06 00:00:00",115.7
"2025-10-07 00:00:00",116.98
"2025-10-08 00:00:00",118.2
"2025-10-09 00:00:00",118
"2025-10-10 00:00:00",117
"2025-10-13 00:00:00",116.69
"2025-10-14 00:00:00",115.99
"2025-10-15 00:00:00",116.75
"2025-10-16 00:00:00",117.25
"2025-10-17 00:00:00",116.75
"2025-10-20 00:00:00",117.25
"2025-10-21 00:00:00",118
"2025-10-23 00:00:00",115.64
"2025-10-24 00:00:00",113.94
"2025-10-27 00:00:00",115.26
"2025-10-28 00:00:00",114.78
"2025-10-29 00:00:00",114.95
"2025-10-30 00:00:00",115.75
"2025-10-31 00:00:00",115.5
"2025-11-03 00:00:00",115.01
"2025-11-04 00:00:00",118.15
"2025-11-06 00:00:00",116.75
"2025-11-07 00:00:00",118.15
"2025-11-10 00:00:00",119.95
"2025-11-11 00:00:00",119.05
"2025-11-12 00:00:00",120.07
"2025-11-13 00:00:00",118.56
"2025-11-14 00:00:00",118
"2025-11-17 00:00:00",118.25
"2025-11-18 00:00:00",118.9
"2025-11-19 00:00:00",118.53
"2025-11-20 00:00:00",118.9
"2025-11-21 00:00:00",118.7
"2025-11-24 00:00:00",117.4
"2025-11-25 00:00:00",117.7
"2025-11-26 00:00:00",116.9
"2025-11-27 00:00:00",117
"2025-11-28 00:00:00",119.73
"2025-12-01 00:00:00",119
"2025-12-02 00:00:00",119.35
"2025-12-03 00:00:00",119.72
"2025-12-04 00:00:00",121.98
"2025-12-05 00:00:00",123.95
"2025-12-08 00:00:00",123.28
"2025-12-09 00:00:00",126.96
"2025-12-10 00:00:00",125.75
"2025-12-11 00:00:00",127.99
"2025-12-12 00:00:00",126.28
"2025-12-15 00:00:00",125.99
"2025-12-16 00:00:00",127
"2025-12-17 00:00:00",127.5
"2025-12-18 00:00:00",124.9
"2025-12-19 00:00:00",120.4
"2025-12-22 00:00:00",122.66
"2025-12-23 00:00:00",124.81
"2025-12-24 00:00:00",124.48
"2025-12-26 00:00:00",124.6
"2025-12-29 00:00:00",123.8
"2025-12-30 00:00:00",123
"2025-12-31 00:00:00",122.2
"2026-01-01 00:00:00",123.88
"2026-01-02 00:00:00",124.48
"2026-01-05 00:00:00",125
"2026-01-06 00:00:00",126.25
"2026-01-07 00:00:00",126.89
"2026-01-08 00:00:00",125.55
"2026-01-09 00:00:00",123.9
"2026-01-12 00:00:00",123.46
"2026-01-13 00:00:00",125.95
"2026-01-14 00:00:00",125.51
"2026-01-16 00:00:00",126
"2026-01-19 00:00:00",126.55
"2026-01-20 00:00:00",124.5
"2026-01-21 00:00:00",125.5
"2026-01-22 00:00:00",126.05
"2026-01-23 00:00:00",125.11
"2026-01-27 00:00:00",123.62
"2026-01-28 00:00:00",119.65
"2026-01-29 00:00:00",119.68
"2026-01-30 00:00:00",122.4
"2026-02-01 00:00:00",122
"2026-02-02 00:00:00",122.35
"2026-02-03 00:00:00",119.45
"2026-02-04 00:00:00",120.96
"2026-02-05 00:00:00",122
"2026-02-06 00:00:00",123.6
"2026-02-09 00:00:00",126.99
"2026-02-10 00:00:00",125.12
"2026-02-11 00:00:00",127.09
"2026-02-12 00:00:00",125.55
"2026-02-13 00:00:00",126
"2026-02-16 00:00:00",125.55
"2026-02-17 00:00:00",126
"2026-02-18 00:00:00",125.26
"2026-02-19 00:00:00",125
"2026-02-20 00:00:00",124.5
"2026-02-23 00:00:00",125.2
"2026-02-24 00:00:00",124.41
"2026-02-25 00:00:00",123.5
"2026-02-26 00:00:00",122.89
"2026-02-27 00:00:00",119.5
"2026-03-02 00:00:00",118.88
"2026-03-04 00:00:00",115.8
"2026-03-05 00:00:00",115.55
"2026-03-06 00:00:00",115.8
"2026-03-09 00:00:00",115.5
"2026-03-10 00:00:00",116.99
"2026-03-11 00:00:00",116.99
"2026-03-12 00:00:00",112.3
"2026-03-13 00:00:00",115
"2026-03-16 00:00:00",115.51
"2026-03-17 00:00:00",115.55
"2026-03-18 00:00:00",115.56
"2026-03-19 00:00:00",114.5
"2026-03-20 00:00:00",114.99
"2026-03-23 00:00:00",108.99
"2026-03-24 00:00:00",114.99
"2026-03-25 00:00:00",114
"2026-03-27 00:00:00",114.7
"2026-03-30 00:00:00",113.54
"2026-04-01 00:00:00",113.25
"2026-04-02 00:00:00",112.9
"2026-04-06 00:00:00",114.63
"2026-04-07 00:00:00",114.3
"2026-04-08 00:00:00",114.5
"2026-04-09 00:00:00",114.1
"2026-04-10 00:00:00",115
"2026-04-13 00:00:00",114.7
"2026-04-15 00:00:00",116.29
"2026-04-16 00:00:00",116.98
"2026-04-17 00:00:00",116.3
"2026-04-20 00:00:00",115.95
"2026-04-21 00:00:00",117.2
"2026-04-22 00:00:00",116.07
"2026-04-23 00:00:00",116.8
"2026-04-24 00:00:00",117.3
"2026-04-27 00:00:00",116.5
"2026-04-28 00:00:00",116.65
"2026-04-29 00:00:00",118.5
"2026-04-30 00:00:00",118.56
"2026-05-04 00:00:00",119.4
"2026-05-05 00:00:00",118.39
"2026-05-06 00:00:00",119
"2026-05-07 00:00:00",118
"2026-05-08 00:00:00",117.98
"2026-05-11 00:00:00",119.4
"2026-05-12 00:00:00",117.36
"2026-05-13 00:00:00",119.1
"2026-05-14 00:00:00",118.5
"2026-05-15 00:00:00",116
"2026-05-18 00:00:00",118.69
"2026-05-19 00:00:00",116.59
"2026-05-20 00:00:00",116.72
"2026-05-21 00:00:00",116.52
"2026-05-22 00:00:00",116.88
"2026-05-25 00:00:00",116.12
"2026-05-26 00:00:00",117.16
"2026-05-27 00:00:00",116.95
"2026-05-29 00:00:00",116.2
"2026-06-01 00:00:00",116.4
"2026-06-02 00:00:00",116.5
"2026-06-03 00:00:00",116.52
"2026-06-04 00:00:00",116.6
"2026-06-05 00:00:00",117
"2026-06-08 00:00:00",116.4
"2026-06-09 00:00:00",117.18
"2026-06-10 00:00:00",117.4
"2026-06-11 00:00:00",117.5
"2026-06-12 00:00:00",116.2
"2026-06-15 00:00:00",117.7
"2026-06-16 00:00:00",116.01
"2026-06-17 00:00:00",116.37
"2026-06-18 00:00:00",116.65
"2026-06-19 00:00:00",117
"2026-06-22 00:00:00",116.55
"2026-06-23 00:00:00",115.99
"2026-06-24 00:00:00",116.03
"2026-06-25 00:00:00",115.05
"2026-06-29 00:00:00",115.72
"2026-06-30 00:00:00",115.51
"2026-07-01 00:00:00",114.83
"2026-07-02 00:00:00",115.27
"2026-07-03 00:00:00",114.9
"2026-07-06 00:00:00",115.2
"2026-07-07 00:00:00",115.57
"2026-07-08 00:00:00",115.68
"2026-07-09 00:00:00",115.01
"2026-07-10 00:00:00",115.5
"2026-07-13 00:00:00",115.77
"2026-07-14 00:00:00",115.34
"2026-07-15 00:00:00",116.7