"DateTime","PGINVITIVN"
"2021-05-14 00:00:00",103.05
"2021-05-17 00:00:00",104.55
"2021-05-18 00:00:00",107.5
"2021-05-19 00:00:00",110.45
"2021-05-20 00:00:00",112.14
"2021-05-21 00:00:00",111
"2021-05-24 00:00:00",111.49
"2021-05-25 00:00:00",112.35
"2021-05-26 00:00:00",112.48
"2021-05-27 00:00:00",112.5
"2021-05-28 00:00:00",112.2
"2021-05-31 00:00:00",111.84
"2021-06-01 00:00:00",111.79
"2021-06-02 00:00:00",112.3
"2021-06-03 00:00:00",112.45
"2021-06-04 00:00:00",112.41
"2021-06-07 00:00:00",113
"2021-06-08 00:00:00",113.5
"2021-06-09 00:00:00",114.17
"2021-06-10 00:00:00",113.5
"2021-06-11 00:00:00",114
"2021-06-14 00:00:00",113.9
"2021-06-15 00:00:00",113.9
"2021-06-16 00:00:00",113.9
"2021-06-17 00:00:00",113
"2021-06-18 00:00:00",111.82
"2021-06-21 00:00:00",111.9
"2021-06-22 00:00:00",112
"2021-06-23 00:00:00",111.93
"2021-06-24 00:00:00",112.5
"2021-06-25 00:00:00",112.25
"2021-06-28 00:00:00",112.59
"2021-06-29 00:00:00",113.25
"2021-06-30 00:00:00",113.25
"2021-07-01 00:00:00",113.3
"2021-07-02 00:00:00",112.92
"2021-07-05 00:00:00",113.36
"2021-07-06 00:00:00",113.2
"2021-07-07 00:00:00",113.58
"2021-07-08 00:00:00",113.5
"2021-07-09 00:00:00",113.2
"2021-07-12 00:00:00",113
"2021-07-13 00:00:00",113.5
"2021-07-14 00:00:00",114.29
"2021-07-15 00:00:00",115.81
"2021-07-16 00:00:00",117.41
"2021-07-19 00:00:00",117.25
"2021-07-20 00:00:00",118.68
"2021-07-22 00:00:00",118
"2021-07-23 00:00:00",119
"2021-07-26 00:00:00",117.5
"2021-07-27 00:00:00",117
"2021-07-28 00:00:00",118
"2021-07-29 00:00:00",117.61
"2021-07-30 00:00:00",119.1
"2021-08-02 00:00:00",120
"2021-08-03 00:00:00",118.05
"2021-08-04 00:00:00",120
"2021-08-05 00:00:00",120
"2021-08-06 00:00:00",120.08
"2021-08-09 00:00:00",120.55
"2021-08-10 00:00:00",121.04
"2021-08-11 00:00:00",121.5
"2021-08-12 00:00:00",122.8
"2021-08-13 00:00:00",123.45
"2021-08-16 00:00:00",124.92
"2021-08-17 00:00:00",123.5
"2021-08-18 00:00:00",123.5
"2021-08-20 00:00:00",123
"2021-08-23 00:00:00",122.25
"2021-08-24 00:00:00",122.5
"2021-08-25 00:00:00",121.8
"2021-08-26 00:00:00",122.25
"2021-08-27 00:00:00",122
"2021-08-30 00:00:00",121.9
"2021-08-31 00:00:00",121.21
"2021-09-01 00:00:00",121.25
"2021-09-02 00:00:00",121.5
"2021-09-03 00:00:00",119
"2021-09-06 00:00:00",119.5
"2021-09-07 00:00:00",119.84
"2021-09-08 00:00:00",119.99
"2021-09-09 00:00:00",120
"2021-09-13 00:00:00",120.7
"2021-09-14 00:00:00",120.7
"2021-09-15 00:00:00",120.12
"2021-09-16 00:00:00",120.07
"2021-09-17 00:00:00",120
"2021-09-20 00:00:00",119.99
"2021-09-21 00:00:00",119.9
"2021-09-22 00:00:00",119.7
"2021-09-23 00:00:00",118.99
"2021-09-24 00:00:00",120
"2021-09-27 00:00:00",120.73
"2021-09-28 00:00:00",121
"2021-09-29 00:00:00",121
"2021-09-30 00:00:00",120.23
"2021-10-01 00:00:00",120.97
"2021-10-04 00:00:00",121.8
"2021-10-05 00:00:00",121.8
"2021-10-06 00:00:00",120.75
"2021-10-07 00:00:00",120.9
"2021-10-08 00:00:00",121.84
"2021-10-11 00:00:00",121.24
"2021-10-12 00:00:00",121.45
"2021-10-13 00:00:00",121
"2021-10-14 00:00:00",121.3
"2021-10-18 00:00:00",121.55
"2021-10-19 00:00:00",121.5
"2021-10-20 00:00:00",121.2
"2021-10-21 00:00:00",121.3
"2021-10-22 00:00:00",121.3
"2021-10-25 00:00:00",121.4
"2021-10-26 00:00:00",121.49
"2021-10-27 00:00:00",121.58
"2021-10-28 00:00:00",121.45
"2021-10-29 00:00:00",121.21
"2021-11-01 00:00:00",121.01
"2021-11-02 00:00:00",121.16
"2021-11-03 00:00:00",121.6
"2021-11-04 00:00:00",121.85
"2021-11-08 00:00:00",121.8
"2021-11-09 00:00:00",121.99
"2021-11-10 00:00:00",122.45
"2021-11-11 00:00:00",122.98
"2021-11-12 00:00:00",119.95
"2021-11-15 00:00:00",120.75
"2021-11-16 00:00:00",120.8
"2021-11-17 00:00:00",120.81
"2021-11-18 00:00:00",120.1
"2021-11-22 00:00:00",119
"2021-11-23 00:00:00",120.4
"2021-11-24 00:00:00",119.78
"2021-11-25 00:00:00",119.77
"2021-11-26 00:00:00",119.75
"2021-11-29 00:00:00",120
"2021-11-30 00:00:00",120.01
"2021-12-01 00:00:00",120.15
"2021-12-02 00:00:00",119.95
"2021-12-03 00:00:00",120.25
"2021-12-06 00:00:00",120.01
"2021-12-07 00:00:00",119.76
"2021-12-08 00:00:00",120.01
"2021-12-09 00:00:00",120.5
"2021-12-10 00:00:00",120.4
"2021-12-13 00:00:00",120.7
"2021-12-14 00:00:00",120.5
"2021-12-15 00:00:00",120.42
"2021-12-16 00:00:00",120.71
"2021-12-17 00:00:00",120
"2021-12-20 00:00:00",119
"2021-12-21 00:00:00",119.9
"2021-12-22 00:00:00",119.3
"2021-12-23 00:00:00",119.6
"2021-12-24 00:00:00",120.5
"2021-12-27 00:00:00",120.06
"2021-12-28 00:00:00",120.98
"2021-12-29 00:00:00",120.7
"2021-12-30 00:00:00",120.61
"2021-12-31 00:00:00",121
"2022-01-03 00:00:00",120.6
"2022-01-04 00:00:00",121.95
"2022-01-05 00:00:00",122.35
"2022-01-06 00:00:00",125.06
"2022-01-07 00:00:00",127
"2022-01-10 00:00:00",128.5
"2022-01-11 00:00:00",129.99
"2022-01-12 00:00:00",130.3
"2022-01-13 00:00:00",133.9
"2022-01-14 00:00:00",133.1
"2022-01-17 00:00:00",134.7
"2022-01-18 00:00:00",133.2
"2022-01-19 00:00:00",130.5
"2022-01-20 00:00:00",134
"2022-01-21 00:00:00",132.8
"2022-01-24 00:00:00",130.65
"2022-01-25 00:00:00",130.15
"2022-01-27 00:00:00",129.89
"2022-01-28 00:00:00",129.85
"2022-01-31 00:00:00",129
"2022-02-01 00:00:00",129.9
"2022-02-02 00:00:00",129.55
"2022-02-03 00:00:00",129.99
"2022-02-04 00:00:00",129.77
"2022-02-07 00:00:00",129.85
"2022-02-08 00:00:00",129.97
"2022-02-09 00:00:00",129.5
"2022-02-10 00:00:00",129.68
"2022-02-11 00:00:00",129.82
"2022-02-14 00:00:00",129.1
"2022-02-15 00:00:00",130
"2022-02-16 00:00:00",130
"2022-02-17 00:00:00",130
"2022-02-18 00:00:00",129.99
"2022-02-21 00:00:00",129.85
"2022-02-22 00:00:00",129.52
"2022-02-23 00:00:00",129.4
"2022-02-24 00:00:00",128.6
"2022-02-25 00:00:00",129
"2022-02-28 00:00:00",128.9
"2022-03-02 00:00:00",128.5
"2022-03-03 00:00:00",126.26
"2022-03-04 00:00:00",126.8
"2022-03-07 00:00:00",125.75
"2022-03-08 00:00:00",125.99
"2022-03-09 00:00:00",127
"2022-03-10 00:00:00",124.99
"2022-03-11 00:00:00",125.24
"2022-03-14 00:00:00",126.76
"2022-03-15 00:00:00",126.8
"2022-03-16 00:00:00",126.9
"2022-03-17 00:00:00",127
"2022-03-21 00:00:00",125.84
"2022-03-22 00:00:00",127
"2022-03-23 00:00:00",127
"2022-03-24 00:00:00",126.9
"2022-03-25 00:00:00",130.5
"2022-03-28 00:00:00",135
"2022-03-29 00:00:00",135.5
"2022-03-30 00:00:00",133.54
"2022-03-31 00:00:00",134
"2022-04-01 00:00:00",134
"2022-04-04 00:00:00",135.3
"2022-04-05 00:00:00",135.24
"2022-04-06 00:00:00",135
"2022-04-07 00:00:00",135
"2022-04-08 00:00:00",134.95
"2022-04-11 00:00:00",135.15
"2022-04-12 00:00:00",135.95
"2022-04-13 00:00:00",137.8
"2022-04-18 00:00:00",135.71
"2022-04-19 00:00:00",137.45
"2022-04-20 00:00:00",136.97
"2022-04-21 00:00:00",137.94
"2022-04-22 00:00:00",137.89
"2022-04-25 00:00:00",139.93
"2022-04-26 00:00:00",139.34
"2022-04-27 00:00:00",138.9
"2022-04-28 00:00:00",139.8
"2022-04-29 00:00:00",138.85
"2022-05-02 00:00:00",138.85
"2022-05-04 00:00:00",137.8
"2022-05-05 00:00:00",137.5
"2022-05-06 00:00:00",137.5
"2022-05-09 00:00:00",136.49
"2022-05-10 00:00:00",136
"2022-05-11 00:00:00",136.21
"2022-05-12 00:00:00",135.89
"2022-05-13 00:00:00",136.6
"2022-05-16 00:00:00",136.62
"2022-05-17 00:00:00",137.6
"2022-05-18 00:00:00",137
"2022-05-19 00:00:00",136.67
"2022-05-20 00:00:00",137.55
"2022-05-23 00:00:00",137.8
"2022-05-24 00:00:00",138
"2022-05-25 00:00:00",138
"2022-05-26 00:00:00",138.45
"2022-05-27 00:00:00",138.55
"2022-05-30 00:00:00",138.5
"2022-05-31 00:00:00",134.4
"2022-06-01 00:00:00",136.5
"2022-06-02 00:00:00",135.77
"2022-06-03 00:00:00",135.5
"2022-06-06 00:00:00",134.76
"2022-06-07 00:00:00",133.76
"2022-06-08 00:00:00",134.09
"2022-06-09 00:00:00",134
"2022-06-10 00:00:00",133.95
"2022-06-13 00:00:00",133.9
"2022-06-14 00:00:00",133.99
"2022-06-15 00:00:00",133
"2022-06-16 00:00:00",132.65
"2022-06-17 00:00:00",132.6
"2022-06-20 00:00:00",132.36
"2022-06-21 00:00:00",132.25
"2022-06-22 00:00:00",132.45
"2022-06-23 00:00:00",131.99
"2022-06-24 00:00:00",131.6
"2022-06-27 00:00:00",130.5
"2022-06-28 00:00:00",130.04
"2022-06-29 00:00:00",129.98
"2022-06-30 00:00:00",129
"2022-07-01 00:00:00",130.99
"2022-07-04 00:00:00",130.99
"2022-07-05 00:00:00",130
"2022-07-06 00:00:00",130.8
"2022-07-07 00:00:00",130.25
"2022-07-08 00:00:00",131.9
"2022-07-11 00:00:00",131.99
"2022-07-12 00:00:00",131.95
"2022-07-13 00:00:00",131.68
"2022-07-14 00:00:00",131.89
"2022-07-15 00:00:00",131.64
"2022-07-18 00:00:00",131.65
"2022-07-19 00:00:00",131.95
"2022-07-20 00:00:00",130.47
"2022-07-21 00:00:00",131
"2022-07-22 00:00:00",132
"2022-07-25 00:00:00",132.3
"2022-07-26 00:00:00",133.9
"2022-07-27 00:00:00",133.98
"2022-07-28 00:00:00",135.48
"2022-07-29 00:00:00",134.3
"2022-08-01 00:00:00",132.8
"2022-08-02 00:00:00",133.04
"2022-08-03 00:00:00",134.5
"2022-08-04 00:00:00",134.55
"2022-08-05 00:00:00",135.5
"2022-08-08 00:00:00",134.65
"2022-08-10 00:00:00",136.2
"2022-08-11 00:00:00",136.19
"2022-08-12 00:00:00",136.1
"2022-08-16 00:00:00",136.65
"2022-08-17 00:00:00",136.5
"2022-08-18 00:00:00",138
"2022-08-19 00:00:00",138.1
"2022-08-22 00:00:00",138.4
"2022-08-23 00:00:00",137.6
"2022-08-24 00:00:00",138.3
"2022-08-25 00:00:00",138.45
"2022-08-26 00:00:00",135.88
"2022-08-29 00:00:00",136.94
"2022-08-30 00:00:00",136.3
"2022-09-01 00:00:00",135.8
"2022-09-02 00:00:00",137.7
"2022-09-05 00:00:00",137.3
"2022-09-06 00:00:00",137.65
"2022-09-07 00:00:00",137.8
"2022-09-08 00:00:00",137.79
"2022-09-09 00:00:00",136.6
"2022-09-12 00:00:00",136.86
"2022-09-13 00:00:00",137.95
"2022-09-14 00:00:00",138.6
"2022-09-15 00:00:00",136.94
"2022-09-16 00:00:00",138.04
"2022-09-19 00:00:00",138
"2022-09-20 00:00:00",138.45
"2022-09-21 00:00:00",138.55
"2022-09-22 00:00:00",139.8
"2022-09-23 00:00:00",139.79
"2022-09-26 00:00:00",138.05
"2022-09-27 00:00:00",136.5
"2022-09-28 00:00:00",137.7
"2022-09-29 00:00:00",138.5
"2022-09-30 00:00:00",139.49
"2022-10-03 00:00:00",139.47
"2022-10-04 00:00:00",139.6
"2022-10-06 00:00:00",139.68
"2022-10-07 00:00:00",140
"2022-10-10 00:00:00",140.01
"2022-10-11 00:00:00",141.75
"2022-10-12 00:00:00",141.1
"2022-10-13 00:00:00",140
"2022-10-14 00:00:00",140
"2022-10-17 00:00:00",139.87
"2022-10-18 00:00:00",140.4
"2022-10-19 00:00:00",139.8
"2022-10-20 00:00:00",140
"2022-10-21 00:00:00",139.95
"2022-10-24 00:00:00",140.85
"2022-10-25 00:00:00",139
"2022-10-27 00:00:00",138
"2022-10-28 00:00:00",138.5
"2022-10-31 00:00:00",138.2
"2022-11-01 00:00:00",138.14
"2022-11-02 00:00:00",137.95
"2022-11-03 00:00:00",135
"2022-11-04 00:00:00",133.2
"2022-11-07 00:00:00",134
"2022-11-09 00:00:00",133.94
"2022-11-10 00:00:00",132.85
"2022-11-11 00:00:00",133.31
"2022-11-14 00:00:00",131.9
"2022-11-15 00:00:00",132.6
"2022-11-16 00:00:00",131
"2022-11-17 00:00:00",131.04
"2022-11-18 00:00:00",132.05
"2022-11-21 00:00:00",129.4
"2022-11-22 00:00:00",128
"2022-11-23 00:00:00",126.5
"2022-11-24 00:00:00",129
"2022-11-25 00:00:00",128
"2022-11-28 00:00:00",127.23
"2022-11-29 00:00:00",128
"2022-11-30 00:00:00",129.7
"2022-12-01 00:00:00",129.99
"2022-12-02 00:00:00",128.9
"2022-12-05 00:00:00",128
"2022-12-06 00:00:00",127.94
"2022-12-07 00:00:00",130
"2022-12-08 00:00:00",129.3
"2022-12-09 00:00:00",128.8
"2022-12-12 00:00:00",128.5
"2022-12-13 00:00:00",129.25
"2022-12-14 00:00:00",128.71
"2022-12-15 00:00:00",128.4
"2022-12-16 00:00:00",128.51
"2022-12-19 00:00:00",129.03
"2022-12-20 00:00:00",129
"2022-12-21 00:00:00",129.15
"2022-12-22 00:00:00",129
"2022-12-23 00:00:00",128.3
"2022-12-26 00:00:00",128.64
"2022-12-27 00:00:00",127.84
"2022-12-28 00:00:00",128.45
"2022-12-29 00:00:00",127.8
"2022-12-30 00:00:00",127.77
"2023-01-02 00:00:00",128.13
"2023-01-03 00:00:00",128
"2023-01-04 00:00:00",128.4
"2023-01-05 00:00:00",128.06
"2023-01-06 00:00:00",128
"2023-01-09 00:00:00",128
"2023-01-10 00:00:00",128.14
"2023-01-11 00:00:00",128
"2023-01-12 00:00:00",128.37
"2023-01-13 00:00:00",128
"2023-01-16 00:00:00",128
"2023-01-17 00:00:00",128
"2023-01-18 00:00:00",127.97
"2023-01-19 00:00:00",128
"2023-01-20 00:00:00",128
"2023-01-23 00:00:00",128
"2023-01-24 00:00:00",128.99
"2023-01-25 00:00:00",129.98
"2023-01-27 00:00:00",128.85
"2023-01-30 00:00:00",127.5
"2023-01-31 00:00:00",125.5
"2023-02-01 00:00:00",123.75
"2023-02-02 00:00:00",120.9
"2023-02-03 00:00:00",121.7
"2023-02-06 00:00:00",122.94
"2023-02-07 00:00:00",121.4
"2023-02-08 00:00:00",123.49
"2023-02-09 00:00:00",123.53
"2023-02-10 00:00:00",123.18
"2023-02-13 00:00:00",122.8
"2023-02-14 00:00:00",119.5
"2023-02-15 00:00:00",120.82
"2023-02-16 00:00:00",120
"2023-02-17 00:00:00",120.59
"2023-02-20 00:00:00",121.3
"2023-02-21 00:00:00",122.49
"2023-02-22 00:00:00",121.75
"2023-02-23 00:00:00",121.75
"2023-02-24 00:00:00",121.98
"2023-02-27 00:00:00",120.98
"2023-02-28 00:00:00",120.98
"2023-03-01 00:00:00",120
"2023-03-02 00:00:00",119.75
"2023-03-03 00:00:00",119.45
"2023-03-06 00:00:00",119.25
"2023-03-08 00:00:00",118.7
"2023-03-09 00:00:00",118.19
"2023-03-10 00:00:00",117.9
"2023-03-13 00:00:00",116.3
"2023-03-14 00:00:00",117.59
"2023-03-15 00:00:00",117
"2023-03-16 00:00:00",117.2
"2023-03-17 00:00:00",117
"2023-03-20 00:00:00",117
"2023-03-21 00:00:00",116.8
"2023-03-22 00:00:00",116.5
"2023-03-23 00:00:00",116.34
"2023-03-24 00:00:00",120
"2023-03-27 00:00:00",119.65
"2023-03-28 00:00:00",117.85
"2023-03-29 00:00:00",120
"2023-03-31 00:00:00",122.6
"2023-04-03 00:00:00",122
"2023-04-05 00:00:00",122.75
"2023-04-06 00:00:00",122.85
"2023-04-10 00:00:00",123.13
"2023-04-11 00:00:00",121.71
"2023-04-12 00:00:00",122.99
"2023-04-13 00:00:00",122
"2023-04-17 00:00:00",121.87
"2023-04-18 00:00:00",122
"2023-04-19 00:00:00",122.25
"2023-04-20 00:00:00",121.85
"2023-04-21 00:00:00",121.9
"2023-04-24 00:00:00",122.05
"2023-04-25 00:00:00",122
"2023-04-26 00:00:00",122
"2023-04-27 00:00:00",122
"2023-04-28 00:00:00",123.15
"2023-05-02 00:00:00",125.5
"2023-05-03 00:00:00",125.85
"2023-05-04 00:00:00",127.05
"2023-05-05 00:00:00",125
"2023-05-08 00:00:00",124.12
"2023-05-09 00:00:00",123.35
"2023-05-10 00:00:00",122.9
"2023-05-11 00:00:00",123.2
"2023-05-12 00:00:00",122.9
"2023-05-15 00:00:00",123
"2023-05-16 00:00:00",123.06
"2023-05-17 00:00:00",125.4
"2023-05-18 00:00:00",124.19
"2023-05-19 00:00:00",125
"2023-05-22 00:00:00",124.04
"2023-05-23 00:00:00",123.45
"2023-05-24 00:00:00",124
"2023-05-25 00:00:00",122.97
"2023-05-26 00:00:00",120.6
"2023-05-29 00:00:00",120
"2023-05-30 00:00:00",118.95
"2023-05-31 00:00:00",117.7
"2023-06-01 00:00:00",119.09
"2023-06-02 00:00:00",119.52
"2023-06-05 00:00:00",117.99
"2023-06-06 00:00:00",118
"2023-06-07 00:00:00",117.72
"2023-06-08 00:00:00",117
"2023-06-09 00:00:00",117.1
"2023-06-12 00:00:00",117.02
"2023-06-13 00:00:00",117
"2023-06-14 00:00:00",116.8
"2023-06-15 00:00:00",116
"2023-06-16 00:00:00",116
"2023-06-19 00:00:00",115.34
"2023-06-20 00:00:00",116
"2023-06-21 00:00:00",116
"2023-06-22 00:00:00",114.76
"2023-06-23 00:00:00",114.21
"2023-06-26 00:00:00",114.85
"2023-06-27 00:00:00",114.6
"2023-06-28 00:00:00",114.75
"2023-06-30 00:00:00",114.98
"2023-07-03 00:00:00",115.27
"2023-07-04 00:00:00",115.5
"2023-07-05 00:00:00",115.48
"2023-07-06 00:00:00",115.9
"2023-07-07 00:00:00",116.5
"2023-07-10 00:00:00",116.85
"2023-07-11 00:00:00",116.3
"2023-07-12 00:00:00",116.9
"2023-07-13 00:00:00",118.2
"2023-07-14 00:00:00",117.49
"2023-07-17 00:00:00",117.4
"2023-07-18 00:00:00",116.45
"2023-07-19 00:00:00",115.75
"2023-07-20 00:00:00",115.49
"2023-07-21 00:00:00",115.25
"2023-07-24 00:00:00",117
"2023-07-25 00:00:00",116.1
"2023-07-26 00:00:00",116.64
"2023-07-27 00:00:00",116.52
"2023-07-28 00:00:00",117
"2023-07-31 00:00:00",118.4
"2023-08-01 00:00:00",117.83
"2023-08-02 00:00:00",116.25
"2023-08-03 00:00:00",115.48
"2023-08-04 00:00:00",114.39
"2023-08-07 00:00:00",114.67
"2023-08-08 00:00:00",114
"2023-08-09 00:00:00",113.25
"2023-08-10 00:00:00",113
"2023-08-11 00:00:00",110
"2023-08-14 00:00:00",110.25
"2023-08-16 00:00:00",112.38
"2023-08-17 00:00:00",112.5
"2023-08-18 00:00:00",112
"2023-08-21 00:00:00",112
"2023-08-22 00:00:00",112.79
"2023-08-23 00:00:00",112.75
"2023-08-24 00:00:00",112
"2023-08-25 00:00:00",112.05
"2023-08-28 00:00:00",110.43
"2023-08-29 00:00:00",110.86
"2023-08-30 00:00:00",110.43
"2023-08-31 00:00:00",110.34
"2023-09-01 00:00:00",110.34
"2023-09-04 00:00:00",110
"2023-09-05 00:00:00",109.8
"2023-09-06 00:00:00",108.9
"2023-09-07 00:00:00",108.09
"2023-09-08 00:00:00",108.29
"2023-09-11 00:00:00",107.91
"2023-09-12 00:00:00",106.79
"2023-09-13 00:00:00",106
"2023-09-14 00:00:00",106.5
"2023-09-15 00:00:00",106.44
"2023-09-18 00:00:00",106.08
"2023-09-20 00:00:00",106.3
"2023-09-21 00:00:00",106.09
"2023-09-22 00:00:00",106.3
"2023-09-25 00:00:00",105
"2023-09-26 00:00:00",105.18
"2023-09-27 00:00:00",104.9
"2023-09-28 00:00:00",104.5
"2023-09-29 00:00:00",102.5
"2023-10-03 00:00:00",100.95
"2023-10-04 00:00:00",100.1
"2023-10-05 00:00:00",101
"2023-10-06 00:00:00",101.49
"2023-10-09 00:00:00",101.2
"2023-10-10 00:00:00",100
"2023-10-11 00:00:00",100.05
"2023-10-12 00:00:00",100.25
"2023-10-13 00:00:00",100.24
"2023-10-16 00:00:00",100.1
"2023-10-17 00:00:00",100.1
"2023-10-18 00:00:00",100
"2023-10-19 00:00:00",99.9
"2023-10-20 00:00:00",99.3
"2023-10-23 00:00:00",99.45
"2023-10-25 00:00:00",98.99
"2023-10-26 00:00:00",99.85
"2023-10-27 00:00:00",99.6
"2023-10-30 00:00:00",99.11
"2023-10-31 00:00:00",98.47
"2023-11-01 00:00:00",98.1
"2023-11-02 00:00:00",98.1
"2023-11-03 00:00:00",99.5
"2023-11-06 00:00:00",99.98
"2023-11-07 00:00:00",99.5
"2023-11-08 00:00:00",99.97
"2023-11-09 00:00:00",99.95
"2023-11-10 00:00:00",99.9
"2023-11-12 00:00:00",100.9
"2023-11-13 00:00:00",98.7
"2023-11-15 00:00:00",98.28
"2023-11-16 00:00:00",98.99
"2023-11-17 00:00:00",99.3
"2023-11-20 00:00:00",99.3
"2023-11-21 00:00:00",98.37
"2023-11-22 00:00:00",98.25
"2023-11-23 00:00:00",98.1
"2023-11-24 00:00:00",98
"2023-11-28 00:00:00",97.98
"2023-11-29 00:00:00",97
"2023-11-30 00:00:00",95.49
"2023-12-01 00:00:00",95.6
"2023-12-04 00:00:00",95.14
"2023-12-05 00:00:00",94.29
"2023-12-06 00:00:00",94.5
"2023-12-07 00:00:00",95.68
"2023-12-08 00:00:00",96
"2023-12-11 00:00:00",95.97
"2023-12-12 00:00:00",95.73
"2023-12-13 00:00:00",94.9
"2023-12-14 00:00:00",94.95
"2023-12-15 00:00:00",94.59
"2023-12-18 00:00:00",95.2
"2023-12-19 00:00:00",94.95
"2023-12-20 00:00:00",94.9
"2023-12-21 00:00:00",94.81
"2023-12-22 00:00:00",94.71
"2023-12-26 00:00:00",95
"2023-12-27 00:00:00",95.3
"2023-12-28 00:00:00",95.71
"2023-12-29 00:00:00",96.89
"2024-01-01 00:00:00",98.5
"2024-01-02 00:00:00",98.97
"2024-01-03 00:00:00",99.5
"2024-01-04 00:00:00",99.65
"2024-01-05 00:00:00",99.5
"2024-01-08 00:00:00",99.6
"2024-01-09 00:00:00",100
"2024-01-10 00:00:00",99.96
"2024-01-11 00:00:00",100.95
"2024-01-12 00:00:00",102.48
"2024-01-15 00:00:00",103
"2024-01-16 00:00:00",102.45
"2024-01-17 00:00:00",101.8
"2024-01-18 00:00:00",102.45
"2024-01-19 00:00:00",100.8
"2024-01-20 00:00:00",100.74
"2024-01-23 00:00:00",100.2
"2024-01-24 00:00:00",100.08
"2024-01-25 00:00:00",100
"2024-01-29 00:00:00",100.05
"2024-01-30 00:00:00",97.88
"2024-01-31 00:00:00",97.24
"2024-02-01 00:00:00",98
"2024-02-02 00:00:00",97.03
"2024-02-05 00:00:00",96.48
"2024-02-06 00:00:00",97
"2024-02-07 00:00:00",96.47
"2024-02-08 00:00:00",97
"2024-02-09 00:00:00",96.98
"2024-02-12 00:00:00",96.59
"2024-02-13 00:00:00",96.25
"2024-02-14 00:00:00",96.75
"2024-02-15 00:00:00",95.9
"2024-02-16 00:00:00",96.14
"2024-02-19 00:00:00",98.75
"2024-02-20 00:00:00",98
"2024-02-21 00:00:00",97.48
"2024-02-22 00:00:00",96.95
"2024-02-23 00:00:00",96.97
"2024-02-26 00:00:00",96.89
"2024-02-27 00:00:00",96.8
"2024-02-28 00:00:00",96.5
"2024-02-29 00:00:00",96.32
"2024-03-01 00:00:00",96.49
"2024-03-02 00:00:00",96.5
"2024-03-04 00:00:00",97.15
"2024-03-05 00:00:00",97.45
"2024-03-06 00:00:00",97.3
"2024-03-07 00:00:00",97.49
"2024-03-11 00:00:00",96.73
"2024-03-12 00:00:00",96.94
"2024-03-13 00:00:00",95.5
"2024-03-14 00:00:00",95.5
"2024-03-15 00:00:00",97.06
"2024-03-18 00:00:00",95.75
"2024-03-19 00:00:00",95.6
"2024-03-20 00:00:00",94.68
"2024-03-21 00:00:00",95.69
"2024-03-22 00:00:00",95.09
"2024-03-26 00:00:00",94
"2024-03-27 00:00:00",93.5
"2024-03-28 00:00:00",94.85
"2024-04-01 00:00:00",97.5
"2024-04-02 00:00:00",98.34
"2024-04-03 00:00:00",97.82
"2024-04-04 00:00:00",98.25
"2024-04-05 00:00:00",98
"2024-04-08 00:00:00",97.85
"2024-04-09 00:00:00",98.19
"2024-04-10 00:00:00",98.2
"2024-04-12 00:00:00",97.89
"2024-04-15 00:00:00",98.02
"2024-04-16 00:00:00",98.18
"2024-04-18 00:00:00",98.6
"2024-04-19 00:00:00",98.27
"2024-04-22 00:00:00",98
"2024-04-23 00:00:00",97.99
"2024-04-24 00:00:00",98.1
"2024-04-25 00:00:00",98
"2024-04-26 00:00:00",98.33
"2024-04-29 00:00:00",98
"2024-04-30 00:00:00",97.9
"2024-05-02 00:00:00",98
"2024-05-03 00:00:00",98
"2024-05-06 00:00:00",98
"2024-05-07 00:00:00",96.89
"2024-05-08 00:00:00",97
"2024-05-09 00:00:00",96.92
"2024-05-10 00:00:00",98.49
"2024-05-13 00:00:00",97.75
"2024-05-14 00:00:00",97.77
"2024-05-15 00:00:00",98
"2024-05-16 00:00:00",97.9
"2024-05-17 00:00:00",97.99
"2024-05-18 00:00:00",98.1
"2024-05-21 00:00:00",97.79
"2024-05-22 00:00:00",97.75
"2024-05-23 00:00:00",98.5
"2024-05-24 00:00:00",98.3
"2024-05-27 00:00:00",98.49
"2024-05-28 00:00:00",96.5
"2024-05-29 00:00:00",95.9
"2024-05-30 00:00:00",95.14
"2024-05-31 00:00:00",95.15
"2024-06-03 00:00:00",95.2
"2024-06-04 00:00:00",94.4
"2024-06-05 00:00:00",95.44
"2024-06-06 00:00:00",95.9
"2024-06-07 00:00:00",95.79
"2024-06-10 00:00:00",95.99
"2024-06-11 00:00:00",96
"2024-06-12 00:00:00",95.38
"2024-06-13 00:00:00",95.9
"2024-06-14 00:00:00",96.1
"2024-06-18 00:00:00",96
"2024-06-19 00:00:00",95.98
"2024-06-20 00:00:00",96
"2024-06-21 00:00:00",95.9
"2024-06-24 00:00:00",96.01
"2024-06-25 00:00:00",96.12
"2024-06-26 00:00:00",96.25
"2024-06-27 00:00:00",96
"2024-06-28 00:00:00",95.91
"2024-07-01 00:00:00",95.7
"2024-07-02 00:00:00",95.98
"2024-07-03 00:00:00",96
"2024-07-04 00:00:00",95.99
"2024-07-05 00:00:00",96
"2024-07-08 00:00:00",95.99
"2024-07-09 00:00:00",95.95
"2024-07-10 00:00:00",96
"2024-07-11 00:00:00",96
"2024-07-12 00:00:00",96
"2024-07-15 00:00:00",95.95
"2024-07-16 00:00:00",95.75
"2024-07-18 00:00:00",95.55
"2024-07-19 00:00:00",95.65
"2024-07-22 00:00:00",95.6
"2024-07-23 00:00:00",96
"2024-07-24 00:00:00",96.18
"2024-07-25 00:00:00",95.89
"2024-07-26 00:00:00",95.9
"2024-07-29 00:00:00",96
"2024-07-30 00:00:00",95.9
"2024-07-31 00:00:00",96
"2024-08-01 00:00:00",94.44
"2024-08-02 00:00:00",94.49
"2024-08-05 00:00:00",93.35
"2024-08-06 00:00:00",93.41
"2024-08-07 00:00:00",93.44
"2024-08-08 00:00:00",94
"2024-08-09 00:00:00",93.85
"2024-08-12 00:00:00",93.4
"2024-08-13 00:00:00",93.25
"2024-08-14 00:00:00",93.45
"2024-08-16 00:00:00",93.35
"2024-08-19 00:00:00",93.25
"2024-08-20 00:00:00",93.1
"2024-08-21 00:00:00",93.18
"2024-08-22 00:00:00",93.02
"2024-08-23 00:00:00",93.09
"2024-08-26 00:00:00",92.15
"2024-08-27 00:00:00",92.7
"2024-08-28 00:00:00",92.37
"2024-08-29 00:00:00",92.17
"2024-08-30 00:00:00",91.85
"2024-09-02 00:00:00",91.84
"2024-09-03 00:00:00",91.96
"2024-09-04 00:00:00",91.75
"2024-09-05 00:00:00",91.49
"2024-09-06 00:00:00",91.2
"2024-09-09 00:00:00",91.72
"2024-09-10 00:00:00",91.29
"2024-09-11 00:00:00",91.32
"2024-09-12 00:00:00",91
"2024-09-13 00:00:00",90.9
"2024-09-16 00:00:00",90.7
"2024-09-17 00:00:00",90.85
"2024-09-18 00:00:00",90.7
"2024-09-19 00:00:00",90.5
"2024-09-20 00:00:00",90.2
"2024-09-23 00:00:00",90.1
"2024-09-24 00:00:00",89.98
"2024-09-25 00:00:00",89.95
"2024-09-26 00:00:00",89.7
"2024-09-27 00:00:00",89.5
"2024-09-30 00:00:00",88.9
"2024-10-01 00:00:00",88
"2024-10-03 00:00:00",87.49
"2024-10-04 00:00:00",88.3
"2024-10-07 00:00:00",87.73
"2024-10-08 00:00:00",88.19
"2024-10-09 00:00:00",87.31
"2024-10-10 00:00:00",88.45
"2024-10-11 00:00:00",88.85
"2024-10-14 00:00:00",88.95
"2024-10-15 00:00:00",88.5
"2024-10-16 00:00:00",89
"2024-10-17 00:00:00",88.95
"2024-10-18 00:00:00",88.99
"2024-10-21 00:00:00",88.81
"2024-10-22 00:00:00",88.51
"2024-10-23 00:00:00",88.88
"2024-10-24 00:00:00",88.3
"2024-10-25 00:00:00",88.85
"2024-10-28 00:00:00",88.83
"2024-10-29 00:00:00",89.84
"2024-10-30 00:00:00",89.9
"2024-10-31 00:00:00",90.46
"2024-11-01 00:00:00",90.85
"2024-11-04 00:00:00",90.58
"2024-11-05 00:00:00",92.14
"2024-11-06 00:00:00",92.07
"2024-11-07 00:00:00",91.92
"2024-11-08 00:00:00",91.18
"2024-11-11 00:00:00",91.7
"2024-11-12 00:00:00",88.88
"2024-11-13 00:00:00",88.14
"2024-11-14 00:00:00",87.25
"2024-11-18 00:00:00",86.6
"2024-11-19 00:00:00",86.76
"2024-11-21 00:00:00",86.5
"2024-11-22 00:00:00",86.09
"2024-11-25 00:00:00",85.99
"2024-11-26 00:00:00",86.1
"2024-11-27 00:00:00",86
"2024-11-28 00:00:00",86.3
"2024-11-29 00:00:00",86.8
"2024-12-02 00:00:00",86.5
"2024-12-03 00:00:00",87.19
"2024-12-04 00:00:00",87.6
"2024-12-05 00:00:00",87.49
"2024-12-06 00:00:00",87.5
"2024-12-09 00:00:00",87.45
"2024-12-10 00:00:00",87.3
"2024-12-11 00:00:00",87.46
"2024-12-12 00:00:00",87.05
"2024-12-13 00:00:00",87.03
"2024-12-16 00:00:00",87
"2024-12-17 00:00:00",86.99
"2024-12-18 00:00:00",87
"2024-12-19 00:00:00",86.8
"2024-12-20 00:00:00",86.5
"2024-12-23 00:00:00",86.11
"2024-12-24 00:00:00",85.5
"2024-12-26 00:00:00",85.19
"2024-12-27 00:00:00",85.11
"2024-12-30 00:00:00",84.9
"2024-12-31 00:00:00",84.81
"2025-01-01 00:00:00",85.9
"2025-01-02 00:00:00",86.29
"2025-01-03 00:00:00",85.92
"2025-01-06 00:00:00",85
"2025-01-07 00:00:00",84.2
"2025-01-08 00:00:00",84.1
"2025-01-09 00:00:00",83.93
"2025-01-10 00:00:00",83.25
"2025-01-13 00:00:00",82
"2025-01-14 00:00:00",82.17
"2025-01-15 00:00:00",81.35
"2025-01-16 00:00:00",83.16
"2025-01-17 00:00:00",85.3
"2025-01-20 00:00:00",84.55
"2025-01-21 00:00:00",83.7
"2025-01-22 00:00:00",85
"2025-01-23 00:00:00",85.3
"2025-01-24 00:00:00",84.98
"2025-01-27 00:00:00",83.79
"2025-01-28 00:00:00",82.19
"2025-01-29 00:00:00",81.89
"2025-01-30 00:00:00",81.76
"2025-01-31 00:00:00",81.64
"2025-02-01 00:00:00",82.39
"2025-02-03 00:00:00",80.84
"2025-02-04 00:00:00",81
"2025-02-05 00:00:00",81
"2025-02-06 00:00:00",81
"2025-02-07 00:00:00",80.99
"2025-02-10 00:00:00",81.48
"2025-02-11 00:00:00",81.9
"2025-02-12 00:00:00",81.22
"2025-02-13 00:00:00",81.21
"2025-02-14 00:00:00",80.88
"2025-02-17 00:00:00",80.5
"2025-02-18 00:00:00",80.13
"2025-02-19 00:00:00",80
"2025-02-20 00:00:00",80.07
"2025-02-21 00:00:00",80.12
"2025-02-24 00:00:00",80.05
"2025-02-25 00:00:00",80.1
"2025-02-27 00:00:00",80.78
"2025-02-28 00:00:00",79.95
"2025-03-03 00:00:00",79.95
"2025-03-04 00:00:00",77.93
"2025-03-05 00:00:00",76.95
"2025-03-06 00:00:00",75.8
"2025-03-07 00:00:00",75.64
"2025-03-10 00:00:00",75.61
"2025-03-11 00:00:00",75.8
"2025-03-12 00:00:00",75.89
"2025-03-13 00:00:00",75.9
"2025-03-17 00:00:00",75.88
"2025-03-18 00:00:00",75.9
"2025-03-19 00:00:00",76.35
"2025-03-20 00:00:00",75.99
"2025-03-21 00:00:00",76.02
"2025-03-24 00:00:00",76
"2025-03-25 00:00:00",76.02
"2025-03-26 00:00:00",75.94
"2025-03-27 00:00:00",76
"2025-03-28 00:00:00",76
"2025-04-01 00:00:00",78.25
"2025-04-02 00:00:00",78.24
"2025-04-03 00:00:00",80.11
"2025-04-04 00:00:00",79.8
"2025-04-07 00:00:00",76.4
"2025-04-08 00:00:00",78.79
"2025-04-09 00:00:00",77.4
"2025-04-11 00:00:00",76.89
"2025-04-15 00:00:00",78.5
"2025-04-16 00:00:00",78.2
"2025-04-17 00:00:00",78.2
"2025-04-21 00:00:00",79.25
"2025-04-22 00:00:00",80.2
"2025-04-23 00:00:00",79.95
"2025-04-24 00:00:00",80.3
"2025-04-25 00:00:00",80.9
"2025-04-28 00:00:00",80.34
"2025-04-29 00:00:00",80.15
"2025-04-30 00:00:00",80.23
"2025-05-02 00:00:00",80.73
"2025-05-05 00:00:00",82.5
"2025-05-06 00:00:00",80.98
"2025-05-07 00:00:00",82.09
"2025-05-08 00:00:00",80.27
"2025-05-09 00:00:00",82.09
"2025-05-12 00:00:00",82.74
"2025-05-13 00:00:00",82.95
"2025-05-14 00:00:00",83.15
"2025-05-15 00:00:00",83.37
"2025-05-16 00:00:00",83.35
"2025-05-19 00:00:00",83.13
"2025-05-20 00:00:00",83
"2025-05-21 00:00:00",83.45
"2025-05-22 00:00:00",83.75
"2025-05-23 00:00:00",83.95
"2025-05-26 00:00:00",85.05
"2025-05-27 00:00:00",85
"2025-05-28 00:00:00",85.6
"2025-05-29 00:00:00",81.75
"2025-05-30 00:00:00",82
"2025-06-02 00:00:00",82
"2025-06-03 00:00:00",81.8
"2025-06-04 00:00:00",82.15
"2025-06-05 00:00:00",83.1
"2025-06-06 00:00:00",84.6
"2025-06-09 00:00:00",87.25
"2025-06-10 00:00:00",87
"2025-06-11 00:00:00",86.85
"2025-06-12 00:00:00",86.85
"2025-06-13 00:00:00",86.85
"2025-06-16 00:00:00",86.95
"2025-06-17 00:00:00",86.9
"2025-06-18 00:00:00",86.9
"2025-06-19 00:00:00",87
"2025-06-20 00:00:00",87.1
"2025-06-23 00:00:00",88.4
"2025-06-24 00:00:00",90.38
"2025-06-25 00:00:00",91.95
"2025-06-26 00:00:00",91.28
"2025-06-27 00:00:00",90.99
"2025-06-30 00:00:00",90.5
"2025-07-01 00:00:00",90.89
"2025-07-02 00:00:00",90.48
"2025-07-03 00:00:00",89.75
"2025-07-04 00:00:00",90.77
"2025-07-07 00:00:00",90.49
"2025-07-08 00:00:00",90.5
"2025-07-09 00:00:00",90.87
"2025-07-10 00:00:00",90.5
"2025-07-11 00:00:00",90.95
"2025-07-14 00:00:00",91.65
"2025-07-15 00:00:00",91.68
"2025-07-16 00:00:00",92.75
"2025-07-17 00:00:00",93
"2025-07-18 00:00:00",93.05
"2025-07-21 00:00:00",93.49
"2025-07-22 00:00:00",93.51
"2025-07-23 00:00:00",93.5
"2025-07-24 00:00:00",93.95
"2025-07-25 00:00:00",93.29
"2025-07-28 00:00:00",92.9
"2025-07-29 00:00:00",91.5
"2025-07-30 00:00:00",91.99
"2025-07-31 00:00:00",91.7
"2025-08-01 00:00:00",91.3
"2025-08-04 00:00:00",93
"2025-08-05 00:00:00",93.42
"2025-08-06 00:00:00",94.35
"2025-08-07 00:00:00",94.25
"2025-08-08 00:00:00",91.3
"2025-08-11 00:00:00",91.5
"2025-08-12 00:00:00",91.49
"2025-08-13 00:00:00",90.33
"2025-08-14 00:00:00",90.99
"2025-08-18 00:00:00",90.49
"2025-08-19 00:00:00",91
"2025-08-20 00:00:00",91.29
"2025-08-21 00:00:00",91.24
"2025-08-22 00:00:00",91.31
"2025-08-25 00:00:00",91.75
"2025-08-26 00:00:00",91.35
"2025-08-28 00:00:00",91.22
"2025-08-29 00:00:00",91
"2025-09-01 00:00:00",91.41
"2025-09-02 00:00:00",91
"2025-09-03 00:00:00",91.05
"2025-09-04 00:00:00",91.4
"2025-09-05 00:00:00",91.74
"2025-09-08 00:00:00",93.4
"2025-09-09 00:00:00",93.94
"2025-09-10 00:00:00",94.75
"2025-09-11 00:00:00",95.8
"2025-09-12 00:00:00",96.5
"2025-09-15 00:00:00",96.95
"2025-09-16 00:00:00",96.4
"2025-09-17 00:00:00",96.1
"2025-09-18 00:00:00",95.9
"2025-09-19 00:00:00",96.72
"2025-09-22 00:00:00",96.35
"2025-09-23 00:00:00",95.6
"2025-09-24 00:00:00",95.5
"2025-09-25 00:00:00",94.5
"2025-09-26 00:00:00",95.06
"2025-09-29 00:00:00",94.5
"2025-09-30 00:00:00",95.59
"2025-10-01 00:00:00",95.02
"2025-10-03 00:00:00",95.29
"2025-10-06 00:00:00",95.1
"2025-10-07 00:00:00",94.95
"2025-10-08 00:00:00",94.65
"2025-10-09 00:00:00",95
"2025-10-10 00:00:00",95.23
"2025-10-13 00:00:00",95.6
"2025-10-14 00:00:00",95.11
"2025-10-15 00:00:00",95.47
"2025-10-16 00:00:00",96
"2025-10-17 00:00:00",95.65
"2025-10-20 00:00:00",96
"2025-10-21 00:00:00",95.7
"2025-10-23 00:00:00",96.12
"2025-10-24 00:00:00",95.44
"2025-10-27 00:00:00",95.95
"2025-10-28 00:00:00",96.7
"2025-10-29 00:00:00",97.14
"2025-10-30 00:00:00",97.25
"2025-10-31 00:00:00",97.3
"2025-11-03 00:00:00",97.45
"2025-11-04 00:00:00",96.48
"2025-11-06 00:00:00",97.3
"2025-11-07 00:00:00",97.3
"2025-11-10 00:00:00",95.45
"2025-11-11 00:00:00",95
"2025-11-12 00:00:00",94.98
"2025-11-13 00:00:00",94.99
"2025-11-14 00:00:00",94.81
"2025-11-17 00:00:00",95
"2025-11-18 00:00:00",95
"2025-11-19 00:00:00",96.08
"2025-11-20 00:00:00",95.5
"2025-11-21 00:00:00",95.2
"2025-11-24 00:00:00",94.8
"2025-11-25 00:00:00",94.5
"2025-11-26 00:00:00",94.45
"2025-11-27 00:00:00",95
"2025-11-28 00:00:00",94.6
"2025-12-01 00:00:00",94.7
"2025-12-02 00:00:00",95
"2025-12-03 00:00:00",93.99
"2025-12-04 00:00:00",94
"2025-12-05 00:00:00",94.7
"2025-12-08 00:00:00",94.33
"2025-12-09 00:00:00",94
"2025-12-10 00:00:00",93.86
"2025-12-11 00:00:00",94.17
"2025-12-12 00:00:00",94.1
"2025-12-15 00:00:00",93.95
"2025-12-16 00:00:00",93.25
"2025-12-17 00:00:00",92.98
"2025-12-18 00:00:00",92.98
"2025-12-19 00:00:00",89.08
"2025-12-22 00:00:00",87.49
"2025-12-23 00:00:00",89.11
"2025-12-24 00:00:00",89.78
"2025-12-26 00:00:00",90
"2025-12-29 00:00:00",89.98
"2025-12-30 00:00:00",88.9
"2025-12-31 00:00:00",89.36
"2026-01-01 00:00:00",89.06
"2026-01-02 00:00:00",89.74
"2026-01-05 00:00:00",91.05
"2026-01-06 00:00:00",91.52
"2026-01-07 00:00:00",92.9
"2026-01-08 00:00:00",93.08
"2026-01-09 00:00:00",92.28
"2026-01-12 00:00:00",92.71
"2026-01-13 00:00:00",92.74
"2026-01-14 00:00:00",92.95
"2026-01-16 00:00:00",92.85
"2026-01-19 00:00:00",92.9
"2026-01-20 00:00:00",92.65
"2026-01-21 00:00:00",91.7
"2026-01-22 00:00:00",93.3
"2026-01-23 00:00:00",91.75
"2026-01-27 00:00:00",91.85
"2026-01-28 00:00:00",91.5
"2026-01-29 00:00:00",91.8
"2026-01-30 00:00:00",91.39
"2026-02-01 00:00:00",91.7
"2026-02-02 00:00:00",92.3
"2026-02-03 00:00:00",92.5
"2026-02-04 00:00:00",93
"2026-02-05 00:00:00",93
"2026-02-06 00:00:00",93.3
"2026-02-09 00:00:00",93.45
"2026-02-10 00:00:00",94.18
"2026-02-11 00:00:00",94.21
"2026-02-12 00:00:00",91.6
"2026-02-13 00:00:00",90.89
"2026-02-16 00:00:00",89.9
"2026-02-17 00:00:00",89.84
"2026-02-18 00:00:00",89.94
"2026-02-19 00:00:00",89.9
"2026-02-20 00:00:00",89.85
"2026-02-23 00:00:00",89.8
"2026-02-24 00:00:00",89.7
"2026-02-25 00:00:00",90.35
"2026-02-26 00:00:00",91.71
"2026-02-27 00:00:00",92.75
"2026-03-02 00:00:00",91.59
"2026-03-04 00:00:00",90.57
"2026-03-05 00:00:00",91.48
"2026-03-06 00:00:00",91.29
"2026-03-09 00:00:00",91.19
"2026-03-10 00:00:00",91.18
"2026-03-11 00:00:00",90.9
"2026-03-12 00:00:00",91.39
"2026-03-13 00:00:00",90.68
"2026-03-16 00:00:00",90.1
"2026-03-17 00:00:00",90.41
"2026-03-18 00:00:00",90.35
"2026-03-19 00:00:00",90
"2026-03-20 00:00:00",90.89
"2026-03-23 00:00:00",90
"2026-03-24 00:00:00",90.06
"2026-03-25 00:00:00",90.5
"2026-03-27 00:00:00",90.28
"2026-03-30 00:00:00",90.23
"2026-04-01 00:00:00",91.24
"2026-04-02 00:00:00",92.2
"2026-04-06 00:00:00",92.29
"2026-04-07 00:00:00",92.25
"2026-04-08 00:00:00",92.15
"2026-04-09 00:00:00",92.2
"2026-04-10 00:00:00",92.45
"2026-04-13 00:00:00",93.72
"2026-04-15 00:00:00",93.45
"2026-04-16 00:00:00",93.5
"2026-04-17 00:00:00",93.45
"2026-04-20 00:00:00",93.25
"2026-04-21 00:00:00",93.25
"2026-04-22 00:00:00",93.25
"2026-04-23 00:00:00",93.25
"2026-04-24 00:00:00",93
"2026-04-27 00:00:00",93.1
"2026-04-28 00:00:00",93.08
"2026-04-29 00:00:00",93.05
"2026-04-30 00:00:00",93.15
"2026-05-04 00:00:00",93.1
"2026-05-05 00:00:00",93.05
"2026-05-06 00:00:00",93.05
"2026-05-07 00:00:00",93.15
"2026-05-08 00:00:00",93.06
"2026-05-11 00:00:00",93.05
"2026-05-12 00:00:00",92.8
"2026-05-13 00:00:00",93.24
"2026-05-14 00:00:00",94.05
"2026-05-15 00:00:00",94.36
"2026-05-18 00:00:00",93.89
"2026-05-19 00:00:00",94.6
"2026-05-20 00:00:00",92.04
"2026-05-21 00:00:00",91.95
"2026-05-22 00:00:00",91.95
"2026-05-25 00:00:00",91.99
"2026-05-26 00:00:00",91.95
"2026-05-27 00:00:00",92.45
"2026-05-29 00:00:00",92.89
"2026-06-01 00:00:00",92.9
"2026-06-02 00:00:00",92.7
"2026-06-03 00:00:00",92.77
"2026-06-04 00:00:00",92.7
"2026-06-05 00:00:00",93.2
"2026-06-08 00:00:00",93.45
"2026-06-09 00:00:00",93.65
"2026-06-10 00:00:00",93.8
"2026-06-11 00:00:00",93.79
"2026-06-12 00:00:00",93.79
"2026-06-15 00:00:00",93.89
"2026-06-16 00:00:00",93.89
"2026-06-17 00:00:00",93.89
"2026-06-18 00:00:00",93.75
"2026-06-19 00:00:00",93.9
"2026-06-22 00:00:00",93.95
"2026-06-23 00:00:00",93.8
"2026-06-24 00:00:00",93.79
"2026-06-25 00:00:00",93.8
"2026-06-29 00:00:00",93.8
"2026-06-30 00:00:00",93.8
"2026-07-01 00:00:00",93.8
"2026-07-02 00:00:00",93.99
"2026-07-03 00:00:00",94.17
"2026-07-06 00:00:00",94.95
"2026-07-07 00:00:00",95.95
"2026-07-08 00:00:00",96.2
"2026-07-09 00:00:00",96.65
"2026-07-10 00:00:00",96.86
"2026-07-13 00:00:00",96.97
"2026-07-14 00:00:00",96.95
"2026-07-15 00:00:00",96.95